iteration,HIP-FCI (1),PCC-FCI (2),HIP-GMI (3),FUS-GMI (4),FUS-FCI (5)
1,3,5,2,1,4
2,3,5,2,1,4
3,3,5,2,1,4
4,3,5,2,1,4
5,3,5,2,1,4
6,3,5,2,1,4
7,3,5,2,1,4
8,3,5,2,1,4
9,3,5,2,1,4
10,3,4,2,1,5
11,3,5,2,1,4
12,2,5,3,1,4
13,2,5,3,1,4
14,2,5,3,1,4
15,2,5,3,1,4
16,2,5,3,1,4
17,4,5,3,1,2
18,2,5,3,1,4
19,2,5,3,1,4
20,2,4,3,1,5
21,1,5,3,2,4
22,2,5,3,1,4
23,2,1,3,5,4
24,2,5,3,1,4
25,2,1,3,5,4
26,3,5,2,1,4
27,2,5,1,3,4
28,2,5,3,1,4
29,2,5,4,3,1
30,2,5,1,3,4
31,5,2,1,3,4
32,1,5,2,3,4
33,2,5,1,3,4
34,2,5,3,1,4
35,2,5,1,3,4
36,5,2,1,3,4
37,2,5,3,1,4
38,2,4,1,3,5
39,2,4,1,3,5
40,2,4,5,3,1
41,2,4,5,3,1
42,2,4,1,3,5
43,2,4,1,3,5
44,2,4,5,3,1
45,3,4,1,2,5
46,2,4,1,3,5
47,2,4,1,3,5
48,2,4,1,3,5
49,3,4,1,2,5
50,2,4,1,3,5
51,2,4,1,3,5
52,2,4,1,3,5
53,2,4,1,3,5
54,2,4,1,3,5
55,2,4,1,3,5
56,1,4,2,3,5
57,2,1,4,3,5
58,2,4,1,3,5
59,1,4,2,3,5
60,2,4,1,3,5
61,2,4,1,5,3
62,2,4,1,3,5
63,2,4,1,3,5
64,2,5,1,3,4
65,4,2,1,3,5
66,2,4,1,3,5
67,2,3,1,4,5
68,2,5,1,4,3
69,3,2,1,4,5
70,1,3,2,4,5
71,3,2,1,4,5
72,3,2,1,4,5
73,2,3,1,4,5
74,4,3,1,2,5
75,2,5,1,4,3
76,2,3,5,4,1
77,2,3,1,4,5
78,2,3,1,4,5
79,4,3,1,2,5
80,2,4,1,3,5
81,4,3,1,2,5
82,2,3,1,4,5
83,2,3,1,5,4
84,2,3,1,4,5
85,2,3,1,4,5
86,3,2,1,4,5
87,2,3,1,4,5
88,2,5,1,4,3
89,2,3,1,5,4
90,2,3,1,5,4
91,2,3,1,4,5
92,2,5,1,4,3
93,2,3,4,1,5
94,4,3,1,2,5
95,2,3,1,4,5
96,1,3,2,4,5
97,1,4,2,3,5
98,1,3,2,4,5
99,1,3,2,4,5
100,1,3,2,4,5
101,1,3,2,4,5
102,1,3,2,4,5
103,1,3,2,4,5
104,1,2,3,4,5
105,3,2,1,4,5
106,4,2,3,1,5
107,1,4,3,2,5
108,1,2,3,4,5
109,1,2,3,4,5
110,4,2,3,1,5
111,1,5,3,4,2
112,1,2,3,4,5
113,1,2,3,4,5
114,1,2,3,4,5
115,1,2,3,4,5
116,1,2,3,4,5
117,1,4,3,2,5
118,1,2,3,4,5
119,4,2,3,1,5
120,1,2,3,4,5
121,1,2,3,4,5
122,1,2,3,4,5
123,1,2,3,4,5
124,2,1,3,4,5
125,1,3,2,4,5
126,1,5,3,4,2
127,1,2,3,4,5
128,1,2,3,5,4
129,1,2,3,5,4
130,1,2,3,4,5
131,1,2,3,5,4
132,1,5,3,4,2
133,1,5,3,4,2
134,3,2,1,4,5
135,1,2,3,4,5
136,3,2,1,4,5
137,1,2,3,4,5
138,1,2,5,4,3
139,4,2,3,1,5
140,4,2,3,1,5
141,1,2,3,4,5
142,4,2,3,1,5
143,1,2,4,3,5
144,1,5,3,4,2
145,4,2,3,1,5
146,1,2,3,4,5
147,1,2,3,4,5
148,3,2,1,4,5
149,5,2,3,4,1
150,1,2,3,4,5
151,1,2,3,4,5
152,1,2,3,4,5
153,1,2,3,4,5
154,1,2,3,4,5
155,1,2,3,4,5
156,1,2,3,4,5
157,1,2,3,4,5
158,1,2,3,4,5
159,5,2,3,4,1
160,2,1,3,4,5
161,1,3,2,4,5
162,1,2,3,4,5
163,2,1,3,4,5
164,3,2,1,4,5
165,3,2,1,4,5
166,1,2,3,4,5
167,1,2,3,4,5
168,1,2,3,4,5
169,1,2,4,3,5
170,1,2,3,4,5
171,3,2,1,4,5
172,1,2,3,4,5
173,2,1,3,4,5
174,1,2,3,4,5
175,1,3,2,4,5
176,5,2,3,4,1
177,1,5,3,4,2
178,1,2,3,4,5
179,3,2,1,4,5
180,1,2,3,5,4
181,3,2,1,4,5
182,1,2,4,3,5
183,1,2,3,4,5
184,1,3,2,4,5
185,1,2,3,4,5
186,1,2,3,4,5
187,1,2,3,4,5
188,1,2,3,4,5
189,1,2,3,4,5
190,1,4,3,2,5
191,1,2,4,3,5
192,4,2,3,1,5
193,1,2,3,4,5
194,2,1,3,4,5
195,2,1,3,4,5
196,1,2,3,5,4
197,1,2,3,4,5
198,1,2,3,4,5
199,3,2,1,4,5
200,1,2,5,4,3
201,1,3,2,4,5
202,1,2,3,4,5
203,1,2,4,3,5
204,1,2,3,4,5
205,1,2,3,4,5
206,1,2,3,4,5
207,1,2,3,4,5
208,1,5,3,4,2
209,1,2,3,4,5
210,5,2,3,4,1
211,1,2,3,4,5
212,1,2,3,4,5
213,2,1,3,4,5
214,1,2,3,4,5
215,1,2,3,4,5
216,2,1,3,4,5
217,1,2,3,4,5
218,1,2,4,3,5
219,1,2,3,4,5
220,1,2,3,4,5
221,1,2,4,3,5
222,1,2,4,3,5
223,1,2,5,4,3
224,1,2,3,4,5
225,1,2,3,4,5
226,1,2,3,4,5
227,1,2,3,4,5
228,1,2,3,4,5
229,1,2,3,4,5
230,1,2,3,5,4
231,1,2,3,4,5
232,1,4,3,2,5
233,5,2,3,4,1
234,1,2,3,4,5
235,1,2,3,5,4
236,1,2,3,4,5
237,1,2,3,4,5
238,1,2,3,4,5
239,5,2,3,4,1
240,3,2,1,4,5
241,1,2,3,4,5
242,1,5,3,4,2
243,2,1,3,4,5
244,1,4,3,2,5
245,1,2,3,4,5
246,1,2,3,4,5
247,5,2,3,4,1
248,5,2,3,4,1
249,1,2,5,4,3
250,1,2,3,4,5
251,2,1,3,4,5
252,1,2,3,4,5
253,1,2,3,4,5
254,3,2,1,4,5
255,1,4,3,2,5
256,1,2,3,4,5
257,1,5,3,4,2
258,1,5,3,4,2
259,1,3,2,4,5
260,1,2,3,4,5
261,1,4,3,2,5
262,1,5,3,4,2
263,1,5,3,4,2
264,1,3,2,4,5
265,1,2,4,3,5
266,1,2,3,4,5
267,1,2,3,4,5
268,4,2,3,1,5
269,1,2,3,4,5
270,1,2,3,4,5
271,1,4,3,2,5
272,1,5,3,4,2
273,4,2,3,1,5
274,1,5,3,4,2
275,1,4,3,2,5
276,3,2,1,4,5
277,1,2,3,4,5
278,1,4,3,2,5
279,1,2,3,4,5
280,2,1,3,4,5
281,1,5,3,4,2
282,1,3,2,4,5
283,1,3,2,4,5
284,1,5,3,4,2
285,1,2,3,4,5
286,1,2,3,4,5
287,5,2,3,4,1
288,1,2,3,4,5
289,1,2,5,4,3
290,1,2,3,4,5
291,1,4,3,2,5
292,1,2,3,4,5
293,1,2,5,4,3
294,1,2,4,3,5
295,1,2,4,3,5
296,5,2,3,4,1
297,1,2,3,4,5
298,1,2,3,4,5
299,1,2,3,4,5
300,1,2,3,4,5
301,1,2,3,4,5
302,1,2,3,4,5
303,1,3,2,4,5
304,1,3,2,4,5
305,2,1,3,4,5
306,1,2,3,4,5
307,1,2,3,4,5
308,1,2,3,4,5
309,4,2,3,1,5
310,1,2,5,4,3
311,1,2,3,4,5
312,1,3,2,4,5
313,1,2,3,4,5
314,1,2,3,4,5
315,1,2,3,4,5
316,1,2,3,4,5
317,1,3,2,4,5
318,1,2,3,4,5
319,1,2,3,4,5
320,1,2,3,4,5
321,4,2,3,1,5
322,1,2,3,4,5
323,1,2,3,4,5
324,5,2,3,4,1
325,1,2,3,4,5
326,1,4,3,2,5
327,2,1,3,4,5
328,4,2,3,1,5
329,1,2,5,4,3
330,1,2,3,4,5
331,4,2,3,1,5
332,1,2,3,4,5
333,1,2,3,4,5
334,1,2,3,4,5
335,1,2,3,4,5
336,3,2,1,4,5
337,1,2,3,4,5
338,4,2,3,1,5
339,1,2,5,4,3
340,1,2,3,4,5
341,1,2,3,4,5
342,1,2,3,4,5
343,1,2,3,4,5
344,1,2,5,4,3
345,2,1,3,4,5
346,1,2,5,4,3
347,1,2,3,4,5
348,1,2,3,4,5
349,1,2,5,4,3
350,2,1,3,4,5
351,4,2,3,1,5
352,1,2,3,5,4
353,1,5,3,4,2
354,4,2,3,1,5
355,2,1,3,4,5
356,4,2,3,1,5
357,2,1,3,4,5
358,1,2,3,4,5
359,3,2,1,4,5
360,1,2,3,4,5
361,1,2,3,4,5
362,1,5,3,4,2
363,1,2,3,4,5
364,3,2,1,4,5
365,5,2,3,4,1
366,1,2,5,4,3
367,1,2,3,4,5
368,1,2,3,4,5
369,1,2,3,4,5
370,1,2,3,4,5
371,1,2,3,4,5
372,1,2,3,5,4
373,1,2,3,4,5
374,1,2,3,4,5
375,1,2,3,4,5
376,1,2,3,4,5
377,1,2,3,4,5
378,1,2,3,4,5
379,3,2,1,4,5
380,1,2,3,4,5
381,1,2,3,4,5
382,1,2,3,4,5
383,1,2,3,4,5
384,1,2,3,4,5
385,3,2,1,4,5
386,1,2,3,4,5
387,1,5,3,4,2
388,1,2,3,4,5
389,1,2,5,4,3
390,1,2,3,4,5
391,1,2,3,5,4
392,1,2,3,4,5
393,1,2,3,4,5
394,1,4,3,2,5
395,1,5,3,4,2
396,1,2,3,4,5
397,1,5,3,4,2
398,1,2,3,4,5
399,1,3,2,4,5
400,1,3,2,4,5
401,2,1,3,4,5
402,1,2,3,4,5
403,1,2,3,4,5
404,1,2,5,4,3
405,1,2,3,4,5
406,1,5,3,4,2
407,1,2,3,4,5
408,3,2,1,4,5
409,3,2,1,4,5
410,5,2,3,4,1
411,1,2,3,4,5
412,1,2,3,4,5
413,4,2,3,1,5
414,3,2,1,4,5
415,1,5,3,4,2
416,1,2,3,4,5
417,4,2,3,1,5
418,2,1,3,4,5
419,1,2,3,4,5
420,1,2,3,4,5
421,1,3,2,4,5
422,1,2,3,4,5
423,1,2,3,4,5
424,1,4,3,2,5
425,1,2,3,4,5
426,5,2,3,4,1
427,1,2,3,4,5
428,1,2,3,4,5
429,1,2,3,4,5
430,1,2,3,4,5
431,1,2,3,4,5
432,1,2,3,4,5
433,1,2,3,4,5
434,1,2,3,4,5
435,2,1,3,4,5
436,1,5,3,4,2
437,3,2,1,4,5
438,1,2,3,4,5
439,1,2,3,4,5
440,1,2,3,4,5
441,1,2,3,4,5
442,1,2,3,4,5
443,1,2,3,4,5
444,1,2,3,4,5
445,1,2,3,4,5
446,1,2,3,4,5
447,1,2,3,4,5
448,1,2,3,4,5
449,1,2,3,4,5
450,2,1,3,4,5
451,2,1,3,4,5
452,1,2,3,4,5
453,5,2,3,4,1
454,1,2,3,4,5
455,1,4,3,2,5
456,1,2,3,5,4
457,1,4,3,2,5
458,1,2,3,4,5
459,4,2,3,1,5
460,1,5,3,4,2
461,1,4,3,2,5
462,1,2,5,4,3
463,1,3,2,4,5
464,1,2,3,4,5
465,1,2,3,4,5
466,1,2,3,4,5
467,1,2,3,4,5
468,1,2,3,4,5
469,1,2,3,4,5
470,1,3,2,4,5
471,1,2,3,4,5
472,4,2,3,1,5
473,1,4,3,2,5
474,1,2,5,4,3
475,1,2,3,4,5
476,1,5,3,4,2
477,1,4,3,2,5
478,1,2,3,4,5
479,1,2,3,4,5
480,3,2,1,4,5
481,1,2,3,5,4
482,1,2,3,4,5
483,1,2,3,4,5
484,1,2,3,4,5
485,5,2,3,4,1
486,1,2,3,4,5
487,1,4,3,2,5
488,1,2,3,4,5
489,1,2,5,4,3
490,1,2,3,4,5
491,1,2,3,4,5
492,1,2,5,4,3
493,1,2,3,4,5
494,1,2,3,4,5
495,1,2,5,4,3
496,1,2,3,4,5
497,1,2,3,4,5
498,1,4,3,2,5
499,4,2,3,1,5
500,1,5,3,4,2
501,5,2,3,4,1
502,1,2,3,4,5
503,1,2,3,4,5
504,1,2,3,4,5
505,1,5,3,4,2
506,2,1,3,4,5
507,3,2,1,4,5
508,1,2,4,3,5
509,1,2,4,3,5
510,1,2,3,4,5
511,4,2,3,1,5
512,1,2,3,4,5
513,1,2,4,3,5
514,1,2,3,4,5
515,3,2,1,4,5
516,4,2,3,1,5
517,3,2,1,4,5
518,1,4,3,2,5
519,1,2,3,4,5
520,1,2,3,4,5
521,1,2,3,4,5
522,1,2,3,4,5
523,1,2,3,4,5
524,1,4,3,2,5
525,1,2,5,4,3
526,1,4,3,2,5
527,1,2,3,4,5
528,1,2,3,4,5
529,1,5,3,4,2
530,1,2,3,4,5
531,5,2,3,4,1
532,1,2,3,4,5
533,3,2,1,4,5
534,3,2,1,4,5
535,1,2,5,4,3
536,1,2,3,4,5
537,2,1,3,4,5
538,1,3,2,4,5
539,1,2,4,3,5
540,1,2,3,4,5
541,1,2,3,4,5
542,1,2,3,4,5
543,1,2,3,4,5
544,1,2,3,4,5
545,1,2,3,5,4
546,1,2,5,4,3
547,1,2,3,4,5
548,1,2,3,4,5
549,1,2,3,5,4
550,1,2,3,4,5
551,1,2,3,4,5
552,1,2,3,4,5
553,4,2,3,1,5
554,1,2,3,4,5
555,1,2,3,4,5
556,1,2,5,4,3
557,5,2,3,4,1
558,4,2,3,1,5
559,1,2,3,4,5
560,1,2,3,4,5
561,1,5,3,4,2
562,1,2,3,4,5
563,1,2,3,4,5
564,2,1,3,4,5
565,1,2,4,3,5
566,1,4,3,2,5
567,1,3,2,4,5
568,3,2,1,4,5
569,1,2,3,4,5
570,1,2,3,4,5
571,1,2,5,4,3
572,1,2,3,4,5
573,1,2,3,4,5
574,1,2,5,4,3
575,1,2,3,5,4
576,1,2,3,4,5
577,1,2,4,3,5
578,5,2,3,4,1
579,1,2,5,4,3
580,2,1,3,4,5
581,1,2,3,4,5
582,1,3,2,4,5
583,4,2,3,1,5
584,1,2,4,3,5
585,1,2,3,4,5
586,1,4,3,2,5
587,1,2,3,4,5
588,1,2,3,4,5
589,1,2,3,4,5
590,5,2,3,4,1
591,1,2,3,4,5
592,3,2,1,4,5
593,1,2,3,4,5
594,1,2,3,4,5
595,1,2,5,4,3
596,1,2,3,4,5
597,1,2,5,4,3
598,1,2,3,4,5
599,1,2,3,4,5
600,1,2,3,4,5
601,1,2,3,4,5
602,1,2,3,4,5
603,1,2,3,4,5
604,1,2,5,4,3
605,1,2,3,5,4
606,1,3,2,4,5
607,1,2,3,4,5
608,1,2,5,4,3
609,1,4,3,2,5
610,1,2,3,4,5
611,1,5,3,4,2
612,1,2,3,4,5
613,1,2,3,4,5
614,1,5,3,4,2
615,1,3,2,4,5
616,1,2,3,4,5
617,1,2,3,4,5
618,3,2,1,4,5
619,1,2,3,4,5
620,1,3,2,4,5
621,1,2,3,4,5
622,3,2,1,4,5
623,1,2,3,4,5
624,1,2,3,4,5
625,3,2,1,4,5
626,1,2,3,4,5
627,1,2,3,4,5
628,1,3,2,4,5
629,1,2,3,4,5
630,1,3,2,4,5
631,1,2,5,4,3
632,1,2,5,4,3
633,1,2,3,4,5
634,1,2,3,4,5
635,1,2,3,4,5
636,1,2,3,4,5
637,1,2,3,4,5
638,1,2,5,4,3
639,1,3,2,4,5
640,1,2,3,4,5
641,3,2,1,4,5
642,2,1,3,4,5
643,1,2,4,3,5
644,4,2,3,1,5
645,1,4,3,2,5
646,1,2,3,4,5
647,1,2,3,4,5
648,2,1,3,4,5
649,1,2,3,4,5
650,1,2,3,4,5
651,1,2,4,3,5
652,1,2,3,5,4
653,1,2,3,4,5
654,1,2,3,4,5
655,3,2,1,4,5
656,1,2,3,4,5
657,1,2,5,4,3
658,1,2,3,4,5
659,1,2,5,4,3
660,1,4,3,2,5
661,1,2,3,4,5
662,2,1,3,4,5
663,1,2,4,3,5
664,5,2,3,4,1
665,1,2,5,4,3
666,2,1,3,4,5
667,1,5,3,4,2
668,1,2,3,4,5
669,1,2,3,4,5
670,4,2,3,1,5
671,4,2,3,1,5
672,1,4,3,2,5
673,1,2,3,5,4
674,1,2,3,4,5
675,1,5,3,4,2
676,1,2,3,4,5
677,1,2,3,4,5
678,1,2,3,4,5
679,1,2,3,4,5
680,1,2,3,5,4
681,1,2,3,4,5
682,1,2,3,4,5
683,4,2,3,1,5
684,1,2,3,4,5
685,1,2,3,5,4
686,1,2,3,4,5
687,1,2,3,4,5
688,1,2,3,4,5
689,1,5,3,4,2
690,1,3,2,4,5
691,1,2,3,4,5
692,1,2,3,4,5
693,1,3,2,4,5
694,1,2,3,4,5
695,1,2,3,4,5
696,1,2,3,4,5
697,3,2,1,4,5
698,1,2,3,4,5
699,3,2,1,4,5
700,1,2,3,5,4
701,1,5,3,4,2
702,2,1,3,4,5
703,1,3,2,4,5
704,1,5,3,4,2
705,1,2,3,4,5
706,1,2,3,4,5
707,1,2,3,4,5
708,1,2,3,5,4
709,1,2,3,4,5
710,1,2,3,4,5
711,1,3,2,4,5
712,1,2,3,4,5
713,1,2,3,4,5
714,2,1,3,4,5
715,1,2,3,4,5
716,2,1,3,4,5
717,1,2,3,5,4
718,1,2,3,4,5
719,1,2,5,4,3
720,1,4,3,2,5
721,1,2,5,4,3
722,1,2,3,4,5
723,1,2,3,5,4
724,1,2,3,5,4
725,1,2,3,4,5
726,1,2,3,4,5
727,1,4,3,2,5
728,2,1,3,4,5
729,1,4,3,2,5
730,1,2,3,4,5
731,5,2,3,4,1
732,1,2,3,4,5
733,1,2,4,3,5
734,1,2,3,4,5
735,1,2,3,4,5
736,1,2,3,4,5
737,4,2,3,1,5
738,3,2,1,4,5
739,1,3,2,4,5
740,5,2,3,4,1
741,1,5,3,4,2
742,1,2,3,4,5
743,1,2,3,4,5
744,1,2,3,4,5
745,1,2,3,5,4
746,1,2,5,4,3
747,1,2,3,4,5
748,2,1,3,4,5
749,1,4,3,2,5
750,1,2,3,4,5
751,1,2,3,5,4
752,1,5,3,4,2
753,1,2,3,4,5
754,2,1,3,4,5
755,1,5,3,4,2
756,1,2,3,4,5
757,1,2,3,4,5
758,1,2,3,4,5
759,1,2,3,4,5
760,4,2,3,1,5
761,1,2,3,4,5
762,1,2,3,4,5
763,1,2,3,5,4
764,1,2,3,4,5
765,1,2,4,3,5
766,1,2,3,4,5
767,1,2,3,4,5
768,5,2,3,4,1
769,1,2,3,4,5
770,1,2,3,4,5
771,1,2,3,4,5
772,1,2,3,5,4
773,1,2,3,4,5
774,1,2,3,4,5
775,1,3,2,4,5
776,1,2,3,4,5
777,1,5,3,4,2
778,1,4,3,2,5
779,1,2,4,3,5
780,1,3,2,4,5
781,1,2,3,4,5
782,4,2,3,1,5
783,5,2,3,4,1
784,2,1,3,4,5
785,1,2,3,4,5
786,1,2,3,4,5
787,1,3,2,4,5
788,2,1,3,4,5
789,1,5,3,4,2
790,1,4,3,2,5
791,1,2,3,4,5
792,5,2,3,4,1
793,1,2,3,4,5
794,1,2,3,4,5
795,2,1,3,4,5
796,1,3,2,4,5
797,1,2,3,4,5
798,1,2,3,4,5
799,5,2,3,4,1
800,1,2,3,4,5
801,4,2,3,1,5
802,1,2,3,4,5
803,1,2,3,4,5
804,1,2,3,4,5
805,1,2,3,4,5
806,1,2,3,4,5
807,1,2,4,3,5
808,1,4,3,2,5
809,1,2,3,4,5
810,4,2,3,1,5
811,1,2,3,5,4
812,1,2,3,4,5
813,1,2,3,5,4
814,1,2,3,4,5
815,1,2,3,4,5
816,3,2,1,4,5
817,1,2,3,4,5
818,1,2,3,4,5
819,1,5,3,4,2
820,1,3,2,4,5
821,5,2,3,4,1
822,5,2,3,4,1
823,1,2,3,4,5
824,1,2,3,4,5
825,1,2,3,4,5
826,4,2,3,1,5
827,1,2,5,4,3
828,1,2,3,4,5
829,4,2,3,1,5
830,1,2,4,3,5
831,1,2,3,4,5
832,1,2,3,4,5
833,1,4,3,2,5
834,1,2,4,3,5
835,1,5,3,4,2
836,4,2,3,1,5
837,1,2,5,4,3
838,5,2,3,4,1
839,1,2,3,4,5
840,1,4,3,2,5
841,1,2,5,4,3
842,1,2,3,4,5
843,1,2,3,4,5
844,1,2,3,5,4
845,1,2,3,5,4
846,5,2,3,4,1
847,1,2,3,4,5
848,2,1,3,4,5
849,1,4,3,2,5
850,1,2,3,4,5
851,1,2,3,4,5
852,1,2,3,4,5
853,1,2,3,4,5
854,1,3,2,4,5
855,1,2,3,4,5
856,4,2,3,1,5
857,1,2,4,3,5
858,1,2,3,4,5
859,1,2,3,4,5
860,1,2,3,4,5
861,1,2,3,4,5
862,1,2,4,3,5
863,1,2,3,4,5
864,1,2,3,4,5
865,4,2,3,1,5
866,1,2,3,4,5
867,2,1,3,4,5
868,1,2,5,4,3
869,1,2,3,4,5
870,1,2,3,4,5
871,1,2,3,4,5
872,1,2,5,4,3
873,1,2,5,4,3
874,1,4,3,2,5
875,1,4,3,2,5
876,1,2,3,4,5
877,1,2,3,4,5
878,1,2,4,3,5
879,2,1,3,4,5
880,1,2,3,4,5
881,1,2,3,4,5
882,1,2,3,4,5
883,2,1,3,4,5
884,2,1,3,4,5
885,1,2,3,4,5
886,1,2,3,4,5
887,1,3,2,4,5
888,1,2,3,4,5
889,1,2,5,4,3
890,2,1,3,4,5
891,1,2,3,4,5
892,2,1,3,4,5
893,1,2,3,4,5
894,1,2,3,4,5
895,1,2,3,4,5
896,1,2,3,4,5
897,1,3,2,4,5
898,1,2,3,4,5
899,1,2,3,4,5
900,1,2,3,4,5
901,1,2,3,4,5
902,1,2,3,4,5
903,1,2,3,4,5
904,1,2,3,5,4
905,1,2,3,5,4
906,1,2,3,4,5
907,5,2,3,4,1
908,1,2,3,5,4
909,1,2,3,4,5
910,2,1,3,4,5
911,1,2,3,4,5
912,1,2,5,4,3
913,1,4,3,2,5
914,1,2,3,4,5
915,1,2,3,4,5
916,2,1,3,4,5
917,1,2,5,4,3
918,1,2,3,4,5
919,1,4,3,2,5
920,1,2,3,4,5
921,1,2,3,4,5
922,1,2,3,4,5
923,1,2,3,4,5
924,4,2,3,1,5
925,1,2,3,4,5
926,1,3,2,4,5
927,1,2,3,4,5
928,1,2,3,4,5
929,4,2,3,1,5
930,1,2,3,4,5
931,1,2,3,5,4
932,2,1,3,4,5
933,1,2,3,5,4
934,3,2,1,4,5
935,1,2,3,5,4
936,1,4,3,2,5
937,1,2,3,4,5
938,1,2,3,4,5
939,1,2,3,4,5
940,1,2,3,4,5
941,1,2,3,4,5
942,1,2,3,4,5
943,1,2,3,4,5
944,1,2,3,4,5
945,3,2,1,4,5
946,1,2,5,4,3
947,3,2,1,4,5
948,1,5,3,4,2
949,1,2,3,5,4
950,1,2,3,4,5
951,1,3,2,4,5
952,5,2,3,4,1
953,1,5,3,4,2
954,1,2,3,4,5
955,3,2,1,4,5
956,1,3,2,4,5
957,1,4,3,2,5
958,1,3,2,4,5
959,1,2,5,4,3
960,1,2,3,4,5
961,1,3,2,4,5
962,3,2,1,4,5
963,1,2,3,4,5
964,1,2,3,4,5
965,1,2,3,4,5
966,1,2,3,4,5
967,1,3,2,4,5
968,1,2,3,4,5
969,1,2,3,4,5
970,1,2,3,4,5
971,1,3,2,4,5
972,1,2,3,4,5
973,2,1,3,4,5
974,1,2,3,4,5
975,1,2,5,4,3
976,1,2,3,4,5
977,1,2,3,4,5
978,1,2,3,4,5
979,1,2,3,4,5
980,1,3,2,4,5
981,1,2,3,4,5
982,1,2,3,4,5
983,1,2,3,4,5
984,1,2,4,3,5
985,1,2,3,4,5
986,1,2,3,4,5
987,1,2,4,3,5
988,5,2,3,4,1
989,1,3,2,4,5
990,1,2,3,4,5
991,1,5,3,4,2
992,3,2,1,4,5
993,5,2,3,4,1
994,1,2,3,4,5
995,5,2,3,4,1
996,1,2,3,4,5
997,1,2,3,4,5
998,1,2,3,4,5
999,1,2,3,4,5
1000,1,2,3,4,5
1001,1,2,3,4,5
1002,1,4,3,2,5
1003,2,1,3,4,5
1004,1,5,3,4,2
1005,2,1,3,4,5
1006,1,2,3,4,5
1007,1,4,3,2,5
1008,1,3,2,4,5
1009,1,2,3,5,4
1010,1,2,3,4,5
1011,1,2,3,4,5
1012,1,2,3,4,5
1013,3,2,1,4,5
1014,2,1,3,4,5
1015,1,3,2,4,5
1016,1,4,3,2,5
1017,1,2,3,4,5
1018,1,2,3,4,5
1019,1,2,3,4,5
1020,1,2,3,4,5
1021,4,2,3,1,5
1022,1,2,3,4,5
1023,1,2,3,5,4
1024,1,5,3,4,2
1025,1,2,3,4,5
1026,1,2,3,4,5
1027,1,2,4,3,5
1028,2,1,3,4,5
1029,5,2,3,4,1
1030,5,2,3,4,1
1031,5,2,3,4,1
1032,5,2,3,4,1
1033,1,2,3,4,5
1034,1,4,3,2,5
1035,1,2,3,4,5
1036,5,2,3,4,1
1037,1,2,4,3,5
1038,1,2,3,4,5
1039,1,2,3,4,5
1040,1,2,3,4,5
1041,1,2,3,4,5
1042,1,2,3,4,5
1043,2,1,3,4,5
1044,1,2,3,4,5
1045,4,2,3,1,5
1046,1,2,3,5,4
1047,2,1,3,4,5
1048,1,5,3,4,2
1049,1,2,4,3,5
1050,1,2,3,4,5
1051,1,2,3,4,5
1052,1,2,3,4,5
1053,1,2,5,4,3
1054,1,2,3,4,5
1055,1,3,2,4,5
1056,1,2,5,4,3
1057,1,2,3,4,5
1058,1,2,5,4,3
1059,1,2,3,4,5
1060,1,3,2,4,5
1061,1,2,3,4,5
1062,1,2,3,4,5
1063,1,2,4,3,5
1064,3,2,1,4,5
1065,1,2,3,4,5
1066,1,2,3,4,5
1067,1,2,5,4,3
1068,4,2,3,1,5
1069,1,4,3,2,5
1070,1,5,3,4,2
1071,1,2,3,4,5
1072,1,2,3,4,5
1073,1,5,3,4,2
1074,2,1,3,4,5
1075,1,2,3,4,5
1076,1,2,3,4,5
1077,2,1,3,4,5
1078,5,2,3,4,1
1079,1,5,3,4,2
1080,1,2,3,4,5
1081,5,2,3,4,1
1082,1,2,3,5,4
1083,1,2,3,4,5
1084,4,2,3,1,5
1085,1,2,3,4,5
1086,1,2,3,4,5
1087,1,5,3,4,2
1088,1,2,3,4,5
1089,1,2,3,4,5
1090,1,2,3,4,5
1091,1,2,3,4,5
1092,5,2,3,4,1
1093,1,2,3,4,5
1094,1,2,3,4,5
1095,3,2,1,4,5
1096,5,2,3,4,1
1097,1,4,3,2,5
1098,3,2,1,4,5
1099,1,2,3,4,5
1100,5,2,3,4,1
1101,1,2,4,3,5
1102,1,2,3,4,5
1103,1,2,3,5,4
1104,1,2,5,4,3
1105,1,2,3,5,4
1106,1,2,4,3,5
1107,1,4,3,2,5
1108,1,5,3,4,2
1109,1,2,3,5,4
1110,1,2,3,4,5
1111,1,2,3,4,5
1112,1,2,4,3,5
1113,3,2,1,4,5
1114,1,2,3,4,5
1115,1,2,3,4,5
1116,1,2,5,4,3
1117,1,5,3,4,2
1118,1,4,3,2,5
1119,4,2,3,1,5
1120,1,4,3,2,5
1121,1,2,3,4,5
1122,1,2,3,4,5
1123,1,2,3,4,5
1124,1,2,4,3,5
1125,1,2,3,4,5
1126,1,2,3,4,5
1127,1,2,3,4,5
1128,1,2,4,3,5
1129,2,1,3,4,5
1130,1,3,2,4,5
1131,1,2,3,5,4
1132,1,2,3,4,5
1133,1,2,3,4,5
1134,1,5,3,4,2
1135,5,2,3,4,1
1136,5,2,3,4,1
1137,1,2,3,4,5
1138,1,2,3,4,5
1139,1,2,3,4,5
1140,1,2,3,4,5
1141,1,2,3,4,5
1142,1,2,3,4,5
1143,4,2,3,1,5
1144,4,2,3,1,5
1145,1,2,3,4,5
1146,1,2,5,4,3
1147,1,4,3,2,5
1148,3,2,1,4,5
1149,1,3,2,4,5
1150,1,2,3,4,5
1151,1,2,3,4,5
1152,5,2,3,4,1
1153,1,2,3,4,5
1154,1,2,3,4,5
1155,4,2,3,1,5
1156,3,2,1,4,5
1157,1,2,3,4,5
1158,1,2,3,4,5
1159,3,2,1,4,5
1160,4,2,3,1,5
1161,1,2,3,4,5
1162,1,2,5,4,3
1163,1,2,3,4,5
1164,1,2,3,5,4
1165,1,2,3,4,5
1166,1,2,4,3,5
1167,1,2,3,4,5
1168,1,2,3,5,4
1169,1,2,3,4,5
1170,1,2,3,5,4
1171,1,2,3,4,5
1172,1,2,3,4,5
1173,1,2,3,5,4
1174,1,2,3,4,5
1175,1,2,3,5,4
1176,1,2,3,4,5
1177,1,2,3,4,5
1178,1,2,3,4,5
1179,1,2,5,4,3
1180,1,2,3,4,5
1181,1,2,5,4,3
1182,5,2,3,4,1
1183,1,2,3,4,5
1184,1,2,3,4,5
1185,1,4,3,2,5
1186,1,2,3,4,5
1187,1,4,3,2,5
1188,1,2,3,4,5
1189,1,2,3,4,5
1190,1,2,3,4,5
1191,1,2,3,4,5
1192,1,2,3,4,5
1193,1,2,3,4,5
1194,1,2,4,3,5
1195,1,2,3,4,5
1196,1,5,3,4,2
1197,1,2,3,4,5
1198,1,2,3,4,5
1199,1,3,2,4,5
1200,1,2,3,5,4
1201,1,2,3,4,5
1202,1,2,3,5,4
1203,1,2,3,4,5
1204,1,2,3,4,5
1205,1,2,3,5,4
1206,1,2,5,4,3
1207,1,2,3,4,5
1208,1,2,3,4,5
1209,1,2,5,4,3
1210,2,1,3,4,5
1211,1,4,3,2,5
1212,1,2,3,4,5
1213,1,2,3,4,5
1214,4,2,3,1,5
1215,1,2,3,4,5
1216,1,5,3,4,2
1217,1,2,5,4,3
1218,5,2,3,4,1
1219,1,2,3,4,5
1220,1,4,3,2,5
1221,3,2,1,4,5
1222,1,2,3,4,5
1223,1,2,4,3,5
1224,1,2,3,4,5
1225,1,4,3,2,5
1226,1,2,5,4,3
1227,2,1,3,4,5
1228,1,2,3,4,5
1229,1,2,5,4,3
1230,1,2,3,4,5
1231,1,2,3,5,4
1232,4,2,3,1,5
1233,2,1,3,4,5
1234,1,2,3,4,5
1235,1,2,5,4,3
1236,1,2,3,4,5
1237,1,2,3,5,4
1238,1,2,3,4,5
1239,1,2,3,4,5
1240,5,2,3,4,1
1241,1,5,3,4,2
1242,5,2,3,4,1
1243,1,2,3,4,5
1244,3,2,1,4,5
1245,1,2,3,4,5
1246,1,2,3,4,5
1247,1,2,3,4,5
1248,1,2,3,4,5
1249,1,2,3,5,4
1250,1,2,3,4,5
1251,1,2,3,4,5
1252,1,3,2,4,5
1253,4,2,3,1,5
1254,1,2,3,4,5
1255,1,2,3,4,5
1256,1,2,3,4,5
1257,1,5,3,4,2
1258,1,2,3,4,5
1259,1,2,3,4,5
1260,5,2,3,4,1
1261,1,2,3,4,5
1262,1,2,3,4,5
1263,1,2,3,4,5
1264,1,2,3,4,5
1265,4,2,3,1,5
1266,1,2,3,4,5
1267,1,2,3,4,5
1268,1,2,3,4,5
1269,1,2,3,5,4
1270,3,2,1,4,5
1271,2,1,3,4,5
1272,1,3,2,4,5
1273,1,2,3,4,5
1274,4,2,3,1,5
1275,1,2,3,4,5
1276,1,5,3,4,2
1277,1,5,3,4,2
1278,1,2,3,4,5
1279,1,2,3,4,5
1280,1,2,5,4,3
1281,1,5,3,4,2
1282,1,2,3,4,5
1283,1,2,3,4,5
1284,1,2,3,5,4
1285,3,2,1,4,5
1286,1,4,3,2,5
1287,4,2,3,1,5
1288,5,2,3,4,1
1289,1,2,3,4,5
1290,1,2,4,3,5
1291,1,2,5,4,3
1292,1,2,3,5,4
1293,1,2,3,4,5
1294,1,2,3,4,5
1295,1,2,3,4,5
1296,1,2,3,4,5
1297,1,2,5,4,3
1298,2,1,3,4,5
1299,1,2,3,4,5
1300,1,2,4,3,5
1301,1,2,3,4,5
1302,1,3,2,4,5
1303,1,2,3,4,5
1304,1,2,3,4,5
1305,1,2,3,4,5
1306,1,2,3,4,5
1307,1,2,3,5,4
1308,1,2,3,4,5
1309,3,2,1,4,5
1310,1,2,3,4,5
1311,1,2,3,4,5
1312,1,2,3,4,5
1313,1,2,3,4,5
1314,1,2,3,4,5
1315,2,1,3,4,5
1316,1,2,5,4,3
1317,5,2,3,4,1
1318,1,3,2,4,5
1319,1,2,5,4,3
1320,1,2,5,4,3
1321,2,1,3,4,5
1322,1,2,3,4,5
1323,1,2,3,4,5
1324,1,2,3,4,5
1325,1,2,3,4,5
1326,1,2,3,4,5
1327,1,2,3,4,5
1328,2,1,3,4,5
1329,1,2,3,4,5
1330,1,2,3,4,5
1331,1,2,3,4,5
1332,5,2,3,4,1
1333,1,2,3,4,5
1334,1,2,3,4,5
1335,1,2,5,4,3
1336,1,2,3,4,5
1337,1,2,3,4,5
1338,1,2,3,4,5
1339,1,2,3,4,5
1340,1,2,3,4,5
1341,1,5,3,4,2
1342,1,2,3,4,5
1343,1,4,3,2,5
1344,1,2,3,4,5
1345,1,3,2,4,5
1346,1,2,3,4,5
1347,1,2,4,3,5
1348,1,2,3,4,5
1349,2,1,3,4,5
1350,1,4,3,2,5
1351,1,2,3,4,5
1352,1,2,3,4,5
1353,1,4,3,2,5
1354,1,3,2,4,5
1355,1,5,3,4,2
1356,1,2,3,4,5
1357,3,2,1,4,5
1358,1,2,4,3,5
1359,1,2,4,3,5
1360,1,2,3,4,5
1361,1,2,3,4,5
1362,1,2,3,4,5
1363,1,4,3,2,5
1364,1,2,3,4,5
1365,1,2,3,4,5
1366,1,2,3,4,5
1367,1,2,3,4,5
1368,1,2,3,4,5
1369,1,2,3,4,5
1370,1,4,3,2,5
1371,1,3,2,4,5
1372,1,2,3,5,4
1373,1,3,2,4,5
1374,1,2,3,5,4
1375,1,2,5,4,3
1376,5,2,3,4,1
1377,2,1,3,4,5
1378,1,2,3,4,5
1379,1,3,2,4,5
1380,1,2,3,4,5
1381,1,2,3,4,5
1382,1,5,3,4,2
1383,1,2,3,4,5
1384,1,2,3,4,5
1385,1,2,3,4,5
1386,5,2,3,4,1
1387,1,2,3,4,5
1388,1,3,2,4,5
1389,1,2,3,4,5
1390,1,2,3,4,5
1391,1,2,3,4,5
1392,1,2,3,4,5
1393,1,5,3,4,2
1394,1,2,3,4,5
1395,4,2,3,1,5
1396,5,2,3,4,1
1397,1,2,3,4,5
1398,1,2,3,4,5
1399,1,2,3,4,5
1400,1,2,3,4,5
1401,1,2,3,4,5
1402,3,2,1,4,5
1403,1,2,4,3,5
1404,1,2,3,4,5
1405,1,2,3,4,5
1406,1,2,3,4,5
1407,1,2,4,3,5
1408,3,2,1,4,5
1409,1,2,3,4,5
1410,2,1,3,4,5
1411,1,2,3,4,5
1412,1,2,3,4,5
1413,1,2,4,3,5
1414,1,2,3,4,5
1415,1,2,3,4,5
1416,1,2,3,4,5
1417,1,2,3,4,5
1418,1,2,3,4,5
1419,1,2,3,4,5
1420,1,2,5,4,3
1421,1,3,2,4,5
1422,1,2,3,4,5
1423,2,1,3,4,5
1424,1,2,3,4,5
1425,4,2,3,1,5
1426,1,2,3,4,5
1427,4,2,3,1,5
1428,1,2,3,4,5
1429,1,2,3,4,5
1430,1,2,3,4,5
1431,1,5,3,4,2
1432,1,4,3,2,5
1433,1,2,3,4,5
1434,1,5,3,4,2
1435,1,2,4,3,5
1436,1,2,3,4,5
1437,1,2,4,3,5
1438,1,2,3,4,5
1439,2,1,3,4,5
1440,1,2,3,4,5
1441,1,2,3,4,5
1442,3,2,1,4,5
1443,1,2,3,4,5
1444,1,4,3,2,5
1445,1,4,3,2,5
1446,4,2,3,1,5
1447,1,2,3,4,5
1448,1,2,3,4,5
1449,1,2,3,4,5
1450,1,2,3,4,5
1451,1,2,3,4,5
1452,1,2,4,3,5
1453,3,2,1,4,5
1454,1,2,3,4,5
1455,1,3,2,4,5
1456,1,2,3,4,5
1457,1,2,5,4,3
1458,2,1,3,4,5
1459,4,2,3,1,5
1460,1,2,3,4,5
1461,1,2,3,4,5
1462,1,2,3,5,4
1463,1,2,3,4,5
1464,1,2,3,4,5
1465,1,2,3,4,5
1466,1,2,3,4,5
1467,1,2,3,4,5
1468,1,2,3,4,5
1469,1,2,3,4,5
1470,1,2,3,4,5
1471,1,2,3,4,5
1472,1,2,3,4,5
1473,1,2,3,4,5
1474,1,2,3,4,5
1475,1,2,5,4,3
1476,2,1,3,4,5
1477,1,2,3,4,5
1478,1,2,3,4,5
1479,1,4,3,2,5
1480,4,2,3,1,5
1481,1,2,3,4,5
1482,1,2,4,3,5
1483,1,2,3,4,5
1484,1,2,3,4,5
1485,1,2,3,4,5
1486,1,2,3,4,5
1487,1,2,3,4,5
1488,1,2,5,4,3
1489,5,2,3,4,1
1490,1,2,3,4,5
1491,5,2,3,4,1
1492,1,4,3,2,5
1493,1,4,3,2,5
1494,1,2,3,4,5
1495,2,1,3,4,5
1496,1,2,3,5,4
1497,1,2,3,4,5
1498,3,2,1,4,5
1499,4,2,3,1,5
1500,1,2,3,4,5
1501,1,2,3,5,4
1502,1,4,3,2,5
1503,1,2,3,4,5
1504,1,2,3,4,5
1505,1,2,3,4,5
1506,1,2,4,3,5
1507,1,2,3,4,5
1508,4,2,3,1,5
1509,1,2,3,4,5
1510,1,2,3,4,5
1511,1,2,3,4,5
1512,1,3,2,4,5
1513,1,2,3,4,5
1514,1,4,3,2,5
1515,1,2,4,3,5
1516,1,2,3,4,5
1517,1,4,3,2,5
1518,5,2,3,4,1
1519,1,2,3,5,4
1520,1,2,3,4,5
1521,1,2,4,3,5
1522,1,2,3,4,5
1523,1,2,3,4,5
1524,5,2,3,4,1
1525,3,2,1,4,5
1526,1,2,3,4,5
1527,1,2,3,5,4
1528,1,2,3,4,5
1529,1,2,5,4,3
1530,2,1,3,4,5
1531,1,5,3,4,2
1532,1,2,5,4,3
1533,1,2,3,4,5
1534,1,2,3,5,4
1535,1,2,3,4,5
1536,1,2,3,5,4
1537,1,3,2,4,5
1538,1,2,3,4,5
1539,1,2,3,4,5
1540,1,2,3,4,5
1541,1,2,5,4,3
1542,1,2,4,3,5
1543,2,1,3,4,5
1544,4,2,3,1,5
1545,1,2,5,4,3
1546,1,2,3,4,5
1547,1,2,3,4,5
1548,1,2,3,4,5
1549,1,2,3,4,5
1550,2,1,3,4,5
1551,1,2,3,4,5
1552,1,2,3,4,5
1553,1,2,3,4,5
1554,1,2,3,5,4
1555,1,2,3,4,5
1556,1,2,3,4,5
1557,1,2,3,4,5
1558,4,2,3,1,5
1559,5,2,3,4,1
1560,5,2,3,4,1
1561,5,2,3,4,1
1562,1,2,3,4,5
1563,5,2,3,4,1
1564,1,2,3,4,5
1565,1,2,3,4,5
1566,1,2,3,4,5
1567,1,2,3,4,5
1568,1,4,3,2,5
1569,1,2,3,4,5
1570,1,2,3,4,5
1571,1,5,3,4,2
1572,1,2,3,4,5
1573,1,4,3,2,5
1574,1,2,3,4,5
1575,1,2,4,3,5
1576,1,2,3,4,5
1577,1,2,3,4,5
1578,1,5,3,4,2
1579,3,2,1,4,5
1580,2,1,3,4,5
1581,5,2,3,4,1
1582,4,2,3,1,5
1583,1,2,3,4,5
1584,1,3,2,4,5
1585,1,5,3,4,2
1586,1,2,3,4,5
1587,1,4,3,2,5
1588,1,4,3,2,5
1589,1,2,3,4,5
1590,1,2,3,4,5
1591,1,2,3,4,5
1592,1,2,3,4,5
1593,1,2,3,4,5
1594,1,4,3,2,5
1595,1,2,3,5,4
1596,5,2,3,4,1
1597,1,2,3,4,5
1598,2,1,3,4,5
1599,1,2,5,4,3
1600,3,2,1,4,5
1601,3,2,1,4,5
1602,1,2,3,4,5
1603,5,2,3,4,1
1604,1,3,2,4,5
1605,2,1,3,4,5
1606,1,2,3,4,5
1607,1,4,3,2,5
1608,1,2,3,5,4
1609,5,2,3,4,1
1610,1,2,3,4,5
1611,1,2,3,4,5
1612,1,2,3,4,5
1613,1,2,3,4,5
1614,1,5,3,4,2
1615,1,2,3,4,5
1616,1,2,5,4,3
1617,2,1,3,4,5
1618,1,4,3,2,5
1619,1,2,3,4,5
1620,1,2,3,4,5
1621,3,2,1,4,5
1622,1,5,3,4,2
1623,1,2,3,4,5
1624,5,2,3,4,1
1625,1,2,3,4,5
1626,1,3,2,4,5
1627,1,2,3,4,5
1628,3,2,1,4,5
1629,1,2,3,4,5
1630,2,1,3,4,5
1631,1,2,3,4,5
1632,1,2,3,4,5
1633,1,4,3,2,5
1634,1,2,3,4,5
1635,1,2,3,4,5
1636,1,2,3,4,5
1637,1,4,3,2,5
1638,1,2,3,4,5
1639,1,2,3,4,5
1640,1,5,3,4,2
1641,1,2,3,4,5
1642,1,5,3,4,2
1643,1,2,3,4,5
1644,1,3,2,4,5
1645,1,2,4,3,5
1646,1,2,4,3,5
1647,2,1,3,4,5
1648,5,2,3,4,1
1649,5,2,3,4,1
1650,1,2,3,4,5
1651,1,2,3,4,5
1652,1,2,3,4,5
1653,1,2,3,4,5
1654,1,2,5,4,3
1655,1,2,3,5,4
1656,1,2,5,4,3
1657,1,2,3,4,5
1658,4,2,3,1,5
1659,1,2,3,4,5
1660,1,2,5,4,3
1661,1,3,2,4,5
1662,1,2,3,4,5
1663,4,2,3,1,5
1664,1,2,4,3,5
1665,1,2,3,4,5
1666,1,5,3,4,2
1667,5,2,3,4,1
1668,3,2,1,4,5
1669,1,2,3,4,5
1670,4,2,3,1,5
1671,1,4,3,2,5
1672,1,2,3,4,5
1673,2,1,3,4,5
1674,1,5,3,4,2
1675,4,2,3,1,5
1676,2,1,3,4,5
1677,3,2,1,4,5
1678,1,2,3,4,5
1679,1,2,3,4,5
1680,1,2,3,5,4
1681,1,3,2,4,5
1682,1,3,2,4,5
1683,1,2,3,4,5
1684,1,2,3,4,5
1685,2,1,3,4,5
1686,1,2,3,4,5
1687,1,2,4,3,5
1688,1,2,3,4,5
1689,1,2,3,4,5
1690,1,2,3,4,5
1691,1,2,3,5,4
1692,1,4,3,2,5
1693,1,2,3,4,5
1694,1,2,3,4,5
1695,1,2,3,4,5
1696,1,5,3,4,2
1697,1,2,3,4,5
1698,2,1,3,4,5
1699,1,2,3,4,5
1700,3,2,1,4,5
1701,4,2,3,1,5
1702,4,2,3,1,5
1703,1,2,3,4,5
1704,1,4,3,2,5
1705,2,1,3,4,5
1706,1,4,3,2,5
1707,1,2,3,5,4
1708,1,2,3,4,5
1709,1,2,3,4,5
1710,1,2,5,4,3
1711,1,3,2,4,5
1712,1,2,3,4,5
1713,1,2,3,4,5
1714,1,2,3,4,5
1715,1,2,3,4,5
1716,1,2,5,4,3
1717,2,1,3,4,5
1718,1,2,3,4,5
1719,1,4,3,2,5
1720,1,2,3,4,5
1721,4,2,3,1,5
1722,2,1,3,4,5
1723,1,2,3,4,5
1724,1,2,3,4,5
1725,1,2,3,4,5
1726,1,2,3,4,5
1727,1,2,3,4,5
1728,1,2,3,4,5
1729,1,2,3,4,5
1730,1,5,3,4,2
1731,1,2,3,4,5
1732,1,2,3,4,5
1733,1,2,3,4,5
1734,1,4,3,2,5
1735,1,2,3,4,5
1736,1,2,3,4,5
1737,1,2,3,4,5
1738,1,4,3,2,5
1739,1,2,3,4,5
1740,1,2,3,4,5
1741,1,4,3,2,5
1742,1,2,3,4,5
1743,1,2,3,4,5
1744,1,2,3,4,5
1745,1,2,3,4,5
1746,1,2,3,4,5
1747,1,2,3,4,5
1748,1,2,3,4,5
1749,1,2,3,4,5
1750,1,2,3,4,5
1751,1,2,3,5,4
1752,3,2,1,4,5
1753,1,4,3,2,5
1754,1,2,3,4,5
1755,4,2,3,1,5
1756,1,4,3,2,5
1757,5,2,3,4,1
1758,1,2,3,4,5
1759,1,2,3,4,5
1760,1,2,3,4,5
1761,1,3,2,4,5
1762,1,2,5,4,3
1763,1,2,3,4,5
1764,1,2,4,3,5
1765,1,4,3,2,5
1766,1,4,3,2,5
1767,1,2,3,4,5
1768,1,2,3,4,5
1769,5,2,3,4,1
1770,1,2,3,4,5
1771,2,1,3,4,5
1772,1,2,3,4,5
1773,1,2,3,4,5
1774,1,2,3,4,5
1775,1,2,3,4,5
1776,1,2,3,4,5
1777,1,2,3,4,5
1778,1,2,3,5,4
1779,1,2,3,4,5
1780,1,2,3,4,5
1781,1,2,3,4,5
1782,1,2,3,4,5
1783,1,2,3,4,5
1784,1,2,3,4,5
1785,1,2,3,4,5
1786,1,2,3,4,5
1787,1,2,3,4,5
1788,4,2,3,1,5
1789,1,2,3,5,4
1790,1,5,3,4,2
1791,1,2,5,4,3
1792,3,2,1,4,5
1793,1,4,3,2,5
1794,1,2,3,4,5
1795,1,3,2,4,5
1796,4,2,3,1,5
1797,1,5,3,4,2
1798,1,2,3,4,5
1799,1,4,3,2,5
1800,1,2,3,4,5
1801,5,2,3,4,1
1802,1,4,3,2,5
1803,1,2,3,4,5
1804,1,2,3,4,5
1805,1,2,3,4,5
1806,5,2,3,4,1
1807,1,2,3,4,5
1808,1,2,4,3,5
1809,1,2,3,4,5
1810,1,2,3,4,5
1811,1,2,3,4,5
1812,1,2,3,4,5
1813,1,4,3,2,5
1814,1,2,3,4,5
1815,3,2,1,4,5
1816,1,2,3,4,5
1817,1,4,3,2,5
1818,1,2,3,4,5
1819,1,5,3,4,2
1820,1,2,3,4,5
1821,1,2,3,4,5
1822,1,2,3,4,5
1823,1,2,3,4,5
1824,1,2,3,5,4
1825,1,2,3,4,5
1826,1,2,3,4,5
1827,1,2,3,4,5
1828,1,2,3,5,4
1829,1,2,4,3,5
1830,1,3,2,4,5
1831,1,2,3,4,5
1832,1,2,3,4,5
1833,1,4,3,2,5
1834,3,2,1,4,5
1835,5,2,3,4,1
1836,1,3,2,4,5
1837,1,2,3,4,5
1838,1,3,2,4,5
1839,4,2,3,1,5
1840,1,4,3,2,5
1841,1,2,3,4,5
1842,2,1,3,4,5
1843,3,2,1,4,5
1844,1,5,3,4,2
1845,5,2,3,4,1
1846,1,2,3,4,5
1847,1,4,3,2,5
1848,1,2,3,4,5
1849,1,5,3,4,2
1850,1,2,3,4,5
1851,5,2,3,4,1
1852,1,2,3,4,5
1853,1,4,3,2,5
1854,1,2,3,4,5
1855,4,2,3,1,5
1856,4,2,3,1,5
1857,1,2,3,4,5
1858,1,2,3,4,5
1859,5,2,3,4,1
1860,1,4,3,2,5
1861,1,2,3,4,5
1862,3,2,1,4,5
1863,1,2,3,4,5
1864,1,2,3,4,5
1865,3,2,1,4,5
1866,1,2,3,4,5
1867,1,2,3,4,5
1868,1,2,3,4,5
1869,1,2,3,4,5
1870,1,2,3,4,5
1871,1,2,5,4,3
1872,1,3,2,4,5
1873,1,2,3,5,4
1874,1,5,3,4,2
1875,1,4,3,2,5
1876,1,2,3,4,5
1877,1,2,3,4,5
1878,1,2,3,4,5
1879,1,2,3,4,5
1880,1,2,3,4,5
1881,1,2,3,4,5
1882,1,2,3,4,5
1883,1,2,3,4,5
1884,1,2,3,4,5
1885,1,2,3,4,5
1886,1,2,3,4,5
1887,1,2,3,4,5
1888,1,2,3,4,5
1889,1,2,3,4,5
1890,2,1,3,4,5
1891,1,2,5,4,3
1892,1,2,3,5,4
1893,1,2,5,4,3
1894,1,2,3,4,5
1895,1,2,3,5,4
1896,1,2,3,5,4
1897,1,2,3,4,5
1898,2,1,3,4,5
1899,1,4,3,2,5
1900,1,2,3,5,4
1901,1,2,3,4,5
1902,4,2,3,1,5
1903,1,4,3,2,5
1904,5,2,3,4,1
1905,1,3,2,4,5
1906,1,5,3,4,2
1907,1,2,3,4,5
1908,1,3,2,4,5
1909,1,3,2,4,5
1910,1,2,3,4,5
1911,1,5,3,4,2
1912,1,2,3,4,5
1913,1,2,3,4,5
1914,1,5,3,4,2
1915,1,2,5,4,3
1916,1,5,3,4,2
1917,5,2,3,4,1
1918,3,2,1,4,5
1919,2,1,3,4,5
1920,1,2,3,4,5
1921,4,2,3,1,5
1922,1,2,3,4,5
1923,1,2,3,4,5
1924,1,3,2,4,5
1925,1,2,3,4,5
1926,1,2,3,5,4
1927,1,2,3,4,5
1928,2,1,3,4,5
1929,1,2,3,4,5
1930,1,2,3,4,5
1931,1,2,3,4,5
1932,1,2,3,4,5
1933,3,2,1,4,5
1934,3,2,1,4,5
1935,1,2,3,4,5
1936,1,2,3,4,5
1937,1,2,3,4,5
1938,1,3,2,4,5
1939,1,2,3,4,5
1940,1,2,3,4,5
1941,1,3,2,4,5
1942,1,4,3,2,5
1943,3,2,1,4,5
1944,1,2,3,4,5
1945,1,2,3,4,5
1946,1,3,2,4,5
1947,1,2,3,4,5
1948,1,2,4,3,5
1949,1,2,3,4,5
1950,1,2,3,4,5
1951,5,2,3,4,1
1952,1,2,3,4,5
1953,1,2,4,3,5
1954,1,2,3,4,5
1955,1,2,3,4,5
1956,3,2,1,4,5
1957,1,2,3,4,5
1958,1,2,3,4,5
1959,1,2,3,4,5
1960,1,2,3,4,5
1961,1,2,4,3,5
1962,1,5,3,4,2
1963,1,4,3,2,5
1964,1,3,2,4,5
1965,2,1,3,4,5
1966,5,2,3,4,1
1967,1,4,3,2,5
1968,1,5,3,4,2
1969,3,2,1,4,5
1970,5,2,3,4,1
1971,1,4,3,2,5
1972,1,2,3,4,5
1973,1,2,3,4,5
1974,1,2,3,4,5
1975,1,2,3,4,5
1976,2,1,3,4,5
1977,1,2,3,4,5
1978,1,2,3,4,5
1979,3,2,1,4,5
1980,1,2,3,4,5
1981,1,2,3,4,5
1982,1,2,3,4,5
1983,1,5,3,4,2
1984,1,2,3,4,5
1985,1,2,3,4,5
1986,1,2,3,4,5
1987,1,5,3,4,2
1988,1,2,3,4,5
1989,1,4,3,2,5
1990,1,2,5,4,3
1991,1,2,3,4,5
1992,1,2,3,4,5
1993,1,4,3,2,5
1994,1,3,2,4,5
1995,1,2,3,4,5
1996,2,1,3,4,5
1997,1,2,3,4,5
1998,3,2,1,4,5
1999,1,2,3,4,5
2000,1,2,3,4,5
