participant,biomarker,measurement,diseased
0,HIP-FCI (1),5.605940928011081,False
1,HIP-FCI (1),4.013561711421252,False
2,HIP-FCI (1),-14.820776089770982,True
3,HIP-FCI (1),0.9277166271524937,True
4,HIP-FCI (1),-3.953344157022073,True
5,HIP-FCI (1),5.119796732283948,False
6,HIP-FCI (1),1.9596310366354874,True
7,HIP-FCI (1),-9.503476522911255,True
8,HIP-FCI (1),5.6853400345120395,False
9,HIP-FCI (1),-5.580713133093327,True
10,HIP-FCI (1),-6.0473275789776775,True
11,HIP-FCI (1),13.425627198997109,True
12,HIP-FCI (1),0.7537657372708306,True
13,HIP-FCI (1),-2.3908570105204587,True
14,HIP-FCI (1),-14.380563638288171,True
15,HIP-FCI (1),5.923202085732867,False
16,HIP-FCI (1),-2.913245806794265,True
17,HIP-FCI (1),7.624532170345617,True
18,HIP-FCI (1),4.468858450703309,False
19,HIP-FCI (1),5.922961629772277,False
20,HIP-FCI (1),1.00416003976864,False
21,HIP-FCI (1),7.979966054092916,False
22,HIP-FCI (1),-9.558598816206718,True
23,HIP-FCI (1),-7.426733042047392,True
24,HIP-FCI (1),4.63742419918254,False
25,HIP-FCI (1),5.9879307442511145,False
26,HIP-FCI (1),-3.8559841200933667,True
27,HIP-FCI (1),4.897922833556143,False
28,HIP-FCI (1),6.189734618658406,False
29,HIP-FCI (1),5.259872102421878,False
30,HIP-FCI (1),5.113187262301262,False
31,HIP-FCI (1),4.962565210814289,False
32,HIP-FCI (1),5.9751404658362075,False
33,HIP-FCI (1),5.691834263969302,False
34,HIP-FCI (1),4.39973904855162,False
35,HIP-FCI (1),8.985338538477947,True
36,HIP-FCI (1),-2.7283154324682406,True
37,HIP-FCI (1),-13.453793669180545,True
38,HIP-FCI (1),-14.577159578480792,True
39,HIP-FCI (1),2.8121454890129476,False
40,HIP-FCI (1),7.335985344066007,True
41,HIP-FCI (1),2.100327004129068,False
42,HIP-FCI (1),5.554177703603749,False
43,HIP-FCI (1),3.287473877970221,False
44,HIP-FCI (1),-2.627740016847864,True
45,HIP-FCI (1),7.3144123027195285,False
46,HIP-FCI (1),5.83820919611772,False
47,HIP-FCI (1),-2.647996265943956,True
48,HIP-FCI (1),-3.168141086318883,True
49,HIP-FCI (1),-5.396879764696004,True
50,HIP-FCI (1),7.343626899157114,False
51,HIP-FCI (1),-6.135256748863337,True
52,HIP-FCI (1),-6.44799416763092,True
53,HIP-FCI (1),-3.1371465031150847,True
54,HIP-FCI (1),5.165186694915151,False
55,HIP-FCI (1),2.370579751981076,True
56,HIP-FCI (1),-12.673020437506427,True
57,HIP-FCI (1),4.595381214832729,False
58,HIP-FCI (1),-1.6662027664784929,True
59,HIP-FCI (1),2.649415403865551,False
60,HIP-FCI (1),4.173611657978062,False
61,HIP-FCI (1),5.166470127504379,False
62,HIP-FCI (1),4.0601829326479075,False
63,HIP-FCI (1),-4.205906782677725,True
64,HIP-FCI (1),-5.991612328885751,True
65,HIP-FCI (1),2.284940381938929,True
66,HIP-FCI (1),6.409506646743841,True
67,HIP-FCI (1),5.95432031840541,False
68,HIP-FCI (1),5.374309617941495,False
69,HIP-FCI (1),9.02718244419537,True
70,HIP-FCI (1),-11.021060246645867,True
71,HIP-FCI (1),-3.9003029531109075,True
72,HIP-FCI (1),7.8533116883099865,False
73,HIP-FCI (1),-3.6661341229840385,True
74,HIP-FCI (1),0.5837747496675814,True
75,HIP-FCI (1),-4.40065617818181,True
76,HIP-FCI (1),-6.1246607481167645,True
77,HIP-FCI (1),2.6017036092095958,False
78,HIP-FCI (1),7.481944043823742,False
79,HIP-FCI (1),2.459033147572427,True
80,HIP-FCI (1),0.194763768094945,True
81,HIP-FCI (1),-3.725533914511969,True
82,HIP-FCI (1),6.274352161147034,False
83,HIP-FCI (1),-12.039642256832902,True
84,HIP-FCI (1),5.482383427838292,False
85,HIP-FCI (1),-18.128419160345594,True
86,HIP-FCI (1),3.686222695698172,False
87,HIP-FCI (1),6.456988155550915,False
88,HIP-FCI (1),6.329726204144194,True
89,HIP-FCI (1),4.7832542796806745,False
90,HIP-FCI (1),6.441663847541594,False
91,HIP-FCI (1),0.3191392421308752,True
92,HIP-FCI (1),0.104435721085407,True
93,HIP-FCI (1),-12.400511544440269,True
94,HIP-FCI (1),5.3142177143294,False
95,HIP-FCI (1),5.351878467214008,False
96,HIP-FCI (1),-2.935573427366974,True
97,HIP-FCI (1),8.08468361495367,False
98,HIP-FCI (1),6.997797870779445,False
99,HIP-FCI (1),4.7877243598061066,False
100,HIP-FCI (1),-3.656990224118304,True
101,HIP-FCI (1),-1.3121038268513185,True
102,HIP-FCI (1),1.2156862151232097,True
103,HIP-FCI (1),4.0344389046405125,False
104,HIP-FCI (1),4.405984654602913,False
105,HIP-FCI (1),5.192387042807761,False
106,HIP-FCI (1),4.775675839044478,True
107,HIP-FCI (1),4.670148733806943,False
108,HIP-FCI (1),1.929278466731589,False
109,HIP-FCI (1),-4.848010668737545,True
110,HIP-FCI (1),6.025225763923252,False
111,HIP-FCI (1),-4.005591179044163,True
112,HIP-FCI (1),-0.46002661515486487,True
113,HIP-FCI (1),4.913057847283599,False
114,HIP-FCI (1),2.0269672745954237,True
115,HIP-FCI (1),4.6192773114954955,False
116,HIP-FCI (1),-9.849429211821747,True
117,HIP-FCI (1),9.105671526163784,True
118,HIP-FCI (1),5.520893820805644,False
119,HIP-FCI (1),-5.931688934739474,True
120,HIP-FCI (1),2.884280234856909,False
121,HIP-FCI (1),2.76764813205782,False
122,HIP-FCI (1),-6.216279895992924,True
123,HIP-FCI (1),-11.371223437270906,True
124,HIP-FCI (1),-3.0196771389502954,True
125,HIP-FCI (1),4.802863524843312,False
126,HIP-FCI (1),6.184769118449131,False
127,HIP-FCI (1),-11.41256357093215,True
128,HIP-FCI (1),-6.46528997163011,True
129,HIP-FCI (1),-5.970055734483388,True
130,HIP-FCI (1),-5.40765103681936,True
131,HIP-FCI (1),-9.026915508348065,True
132,HIP-FCI (1),-11.362282071793162,True
133,HIP-FCI (1),5.25811727558012,False
134,HIP-FCI (1),3.3777629779482248,False
135,HIP-FCI (1),1.5418123201905933,True
136,HIP-FCI (1),4.369674562211089,False
137,HIP-FCI (1),3.584984150155308,False
138,HIP-FCI (1),-5.236866100478703,True
139,HIP-FCI (1),5.978064336858318,False
140,HIP-FCI (1),-15.618140903105807,True
141,HIP-FCI (1),-7.60846800558301,True
142,HIP-FCI (1),4.930424144565613,False
143,HIP-FCI (1),3.2730376671477908,False
144,HIP-FCI (1),3.7642175176201214,False
145,HIP-FCI (1),6.795283682208565,False
146,HIP-FCI (1),-7.274779224496227,True
147,HIP-FCI (1),-3.268550175473546,True
148,HIP-FCI (1),4.808510226259924,False
149,HIP-FCI (1),4.8376308493371685,False
150,HIP-FCI (1),5.503351245057187,False
151,HIP-FCI (1),-6.992189715455894,True
152,HIP-FCI (1),5.183287571160804,False
153,HIP-FCI (1),5.487277563588068,False
154,HIP-FCI (1),5.53102669238102,False
155,HIP-FCI (1),7.689641828626224,False
156,HIP-FCI (1),-14.100114361895349,True
157,HIP-FCI (1),-9.244033418371423,True
158,HIP-FCI (1),7.886050325095345,False
159,HIP-FCI (1),0.8742701535481014,True
160,HIP-FCI (1),6.116266652034525,False
161,HIP-FCI (1),3.813494137846077,False
162,HIP-FCI (1),6.252505794838093,False
163,HIP-FCI (1),-2.816451125450706,True
164,HIP-FCI (1),5.077603150987939,False
165,HIP-FCI (1),4.917096156886334,False
166,HIP-FCI (1),3.9514042459625083,False
167,HIP-FCI (1),-12.183330334112913,True
168,HIP-FCI (1),5.044596541952516,False
169,HIP-FCI (1),1.4835999572442171,False
170,HIP-FCI (1),5.722455655647774,False
171,HIP-FCI (1),-3.3136100274444633,True
172,HIP-FCI (1),4.182926593667948,False
173,HIP-FCI (1),2.1486584298396645,True
174,HIP-FCI (1),-13.829498124254515,True
175,HIP-FCI (1),-9.992697990956643,True
176,HIP-FCI (1),1.851295383608314,False
177,HIP-FCI (1),3.7494546669636755,False
178,HIP-FCI (1),3.9877248133547774,False
179,HIP-FCI (1),6.616330267973296,False
180,HIP-FCI (1),3.98938778592448,False
181,HIP-FCI (1),-4.842066017624049,True
182,HIP-FCI (1),-7.168042947258858,True
183,HIP-FCI (1),-6.625839851520763,True
184,HIP-FCI (1),-4.951569046055491,True
185,HIP-FCI (1),8.71500878456536,False
186,HIP-FCI (1),4.3261867240919925,False
187,HIP-FCI (1),13.069080411605118,True
188,HIP-FCI (1),-6.8619151687155195,True
189,HIP-FCI (1),5.442222759552283,True
190,HIP-FCI (1),7.4827968400663885,True
191,HIP-FCI (1),-12.267171424006026,True
192,HIP-FCI (1),2.933288238195061,False
193,HIP-FCI (1),-5.169491424036382,True
194,HIP-FCI (1),3.14891194930222,False
195,HIP-FCI (1),4.072165029052716,False
196,HIP-FCI (1),4.78494689025167,False
197,HIP-FCI (1),0.9004976432225815,True
198,HIP-FCI (1),-6.1206350516971515,True
199,HIP-FCI (1),3.446496899804193,False
0,PCC-FCI (2),11.94099155278162,False
1,PCC-FCI (2),10.341980625871242,False
2,PCC-FCI (2),2.0113979489937632,True
3,PCC-FCI (2),13.153507390861062,True
4,PCC-FCI (2),3.095148829734035,True
5,PCC-FCI (2),19.643037709108732,False
6,PCC-FCI (2),20.431140611173483,True
7,PCC-FCI (2),6.467554638895765,True
8,PCC-FCI (2),15.563059824692468,False
9,PCC-FCI (2),8.754619407124244,True
10,PCC-FCI (2),2.5317699240642737,True
11,PCC-FCI (2),6.331084789931921,True
12,PCC-FCI (2),1.494573801782625,True
13,PCC-FCI (2),2.063176359328102,True
14,PCC-FCI (2),5.42260395442324,True
15,PCC-FCI (2),9.983829127672145,False
16,PCC-FCI (2),7.88840237389433,True
17,PCC-FCI (2),3.3808241857239727,True
18,PCC-FCI (2),9.10935122530251,False
19,PCC-FCI (2),13.415077175986559,False
20,PCC-FCI (2),18.164119933111756,False
21,PCC-FCI (2),10.581965167722503,False
22,PCC-FCI (2),8.524011104047098,True
23,PCC-FCI (2),-0.17780779810353664,True
24,PCC-FCI (2),22.551164842815453,False
25,PCC-FCI (2),12.681187581305153,False
26,PCC-FCI (2),8.27605943081035,True
27,PCC-FCI (2),9.075866629659176,False
28,PCC-FCI (2),12.533483848776488,False
29,PCC-FCI (2),15.03861012837185,False
30,PCC-FCI (2),11.852068740496323,False
31,PCC-FCI (2),12.52558146890366,False
32,PCC-FCI (2),11.302807388991651,False
33,PCC-FCI (2),13.702122365591434,False
34,PCC-FCI (2),10.167038442650028,False
35,PCC-FCI (2),17.131732987498093,True
36,PCC-FCI (2),4.339750134588106,True
37,PCC-FCI (2),7.026207287364933,True
38,PCC-FCI (2),5.702390175018851,True
39,PCC-FCI (2),14.2235097055425,False
40,PCC-FCI (2),3.8888319108353313,True
41,PCC-FCI (2),8.976551297508365,False
42,PCC-FCI (2),14.115777635424188,False
43,PCC-FCI (2),11.046658538130696,False
44,PCC-FCI (2),6.919746086454846,True
45,PCC-FCI (2),16.350854946096565,False
46,PCC-FCI (2),9.474404886485923,False
47,PCC-FCI (2),-1.0518589747736193,True
48,PCC-FCI (2),5.791165881698083,True
49,PCC-FCI (2),3.433283955340711,True
50,PCC-FCI (2),7.0012129088225885,False
51,PCC-FCI (2),10.57542269484902,True
52,PCC-FCI (2),6.1050883945071766,True
53,PCC-FCI (2),7.12149721930492,True
54,PCC-FCI (2),10.547640374250966,False
55,PCC-FCI (2),0.9732813572345087,True
56,PCC-FCI (2),6.396866082246553,True
57,PCC-FCI (2),9.994927468993332,False
58,PCC-FCI (2),19.804412946160245,True
59,PCC-FCI (2),13.8000052027819,False
60,PCC-FCI (2),10.346883710324516,False
61,PCC-FCI (2),9.147904173481024,False
62,PCC-FCI (2),5.9112817727073175,False
63,PCC-FCI (2),-1.9166016205668246,True
64,PCC-FCI (2),4.848765293469027,True
65,PCC-FCI (2),3.8214282444619085,True
66,PCC-FCI (2),9.784623620842073,True
67,PCC-FCI (2),16.417840946932596,False
68,PCC-FCI (2),7.461167093726842,False
69,PCC-FCI (2),10.225047144879056,True
70,PCC-FCI (2),1.3424064586032274,True
71,PCC-FCI (2),2.894714040251825,True
72,PCC-FCI (2),9.50164208279315,False
73,PCC-FCI (2),8.637532864072506,True
74,PCC-FCI (2),14.056578853556987,True
75,PCC-FCI (2),6.075798539617333,True
76,PCC-FCI (2),7.659588321403875,True
77,PCC-FCI (2),20.11095805527008,False
78,PCC-FCI (2),12.885186300138484,False
79,PCC-FCI (2),10.231826881942824,True
80,PCC-FCI (2),4.657285684383287,True
81,PCC-FCI (2),8.188787913676364,True
82,PCC-FCI (2),7.242226116608555,False
83,PCC-FCI (2),8.404518863300186,True
84,PCC-FCI (2),10.794031024213814,False
85,PCC-FCI (2),6.676033425859281,True
86,PCC-FCI (2),16.223008655863453,False
87,PCC-FCI (2),5.699282549516975,False
88,PCC-FCI (2),9.276124082288995,True
89,PCC-FCI (2),10.425067335273752,False
90,PCC-FCI (2),11.180554671674152,False
91,PCC-FCI (2),4.036347374476174,True
92,PCC-FCI (2),3.197742257023524,True
93,PCC-FCI (2),8.006374017926298,True
94,PCC-FCI (2),15.955855132347926,False
95,PCC-FCI (2),18.446889169823592,False
96,PCC-FCI (2),3.503837732159906,True
97,PCC-FCI (2),18.803078022683852,False
98,PCC-FCI (2),1.6213829213524704,False
99,PCC-FCI (2),7.700098936045227,False
100,PCC-FCI (2),6.672519329969097,True
101,PCC-FCI (2),4.332125679977795,True
102,PCC-FCI (2),10.810174759602829,True
103,PCC-FCI (2),8.952722177935765,False
104,PCC-FCI (2),4.5497253862632165,False
105,PCC-FCI (2),13.034681857824154,False
106,PCC-FCI (2),6.178740608455876,True
107,PCC-FCI (2),13.731498368197114,False
108,PCC-FCI (2),9.955335933517713,False
109,PCC-FCI (2),-0.599304949716454,True
110,PCC-FCI (2),11.51442155594482,False
111,PCC-FCI (2),6.090212679609658,True
112,PCC-FCI (2),2.654274631355308,True
113,PCC-FCI (2),13.414734404999255,False
114,PCC-FCI (2),1.7304104109033895,True
115,PCC-FCI (2),13.457935616983308,False
116,PCC-FCI (2),4.18041553204807,True
117,PCC-FCI (2),7.2852052849304805,True
118,PCC-FCI (2),13.817012740601449,False
119,PCC-FCI (2),3.148817145956338,True
120,PCC-FCI (2),10.950704579263716,False
121,PCC-FCI (2),13.653803855300664,False
122,PCC-FCI (2),5.058222250449367,True
123,PCC-FCI (2),4.554419298927402,True
124,PCC-FCI (2),7.90621739167209,True
125,PCC-FCI (2),15.820519675693092,False
126,PCC-FCI (2),8.752659791701104,False
127,PCC-FCI (2),7.236086531064062,True
128,PCC-FCI (2),12.800991843227699,True
129,PCC-FCI (2),7.977895692272303,True
130,PCC-FCI (2),11.186856221495226,True
131,PCC-FCI (2),20.490359838413852,True
132,PCC-FCI (2),10.304880380323887,True
133,PCC-FCI (2),8.637402624076365,False
134,PCC-FCI (2),15.273392409385622,False
135,PCC-FCI (2),7.055402678547196,True
136,PCC-FCI (2),11.778124932482228,False
137,PCC-FCI (2),11.687640803650497,False
138,PCC-FCI (2),1.800283387626385,True
139,PCC-FCI (2),11.298429035636842,False
140,PCC-FCI (2),-3.1389024674761057,True
141,PCC-FCI (2),5.768601666377451,True
142,PCC-FCI (2),4.022657426379475,False
143,PCC-FCI (2),20.158744148635677,False
144,PCC-FCI (2),6.117754107183924,False
145,PCC-FCI (2),9.546410391380316,False
146,PCC-FCI (2),9.373455022498085,True
147,PCC-FCI (2),6.565164756202623,True
148,PCC-FCI (2),17.06389967188465,False
149,PCC-FCI (2),3.5216120707223464,False
150,PCC-FCI (2),10.04135343903239,False
151,PCC-FCI (2),9.486994418920869,True
152,PCC-FCI (2),20.026244507910654,False
153,PCC-FCI (2),17.348128576385342,False
154,PCC-FCI (2),17.58815491656614,False
155,PCC-FCI (2),10.810461715969584,False
156,PCC-FCI (2),3.595781057533264,True
157,PCC-FCI (2),11.936647357300489,True
158,PCC-FCI (2),9.177920620415332,False
159,PCC-FCI (2),9.38718476004387,True
160,PCC-FCI (2),9.703678324941553,False
161,PCC-FCI (2),9.057228859402993,False
162,PCC-FCI (2),4.5112655549325416,False
163,PCC-FCI (2),7.469379335005874,True
164,PCC-FCI (2),5.280684564417129,False
165,PCC-FCI (2),14.13698701700324,False
166,PCC-FCI (2),16.710668505550935,False
167,PCC-FCI (2),0.40572771336363633,True
168,PCC-FCI (2),8.311046984300923,False
169,PCC-FCI (2),9.895664076834615,False
170,PCC-FCI (2),11.799763241144653,False
171,PCC-FCI (2),3.3732949231918137,True
172,PCC-FCI (2),15.504922652616552,False
173,PCC-FCI (2),5.121933473577427,True
174,PCC-FCI (2),5.735074993290648,True
175,PCC-FCI (2),7.549363801222385,True
176,PCC-FCI (2),5.655300999022853,False
177,PCC-FCI (2),13.920413454109088,False
178,PCC-FCI (2),12.189917792110677,False
179,PCC-FCI (2),7.646231705305204,False
180,PCC-FCI (2),14.778821368467453,False
181,PCC-FCI (2),5.942279287118621,True
182,PCC-FCI (2),6.051196411612215,True
183,PCC-FCI (2),11.138368234905201,True
184,PCC-FCI (2),11.100040720717889,True
185,PCC-FCI (2),10.533758271337126,False
186,PCC-FCI (2),8.013592681158126,False
187,PCC-FCI (2),5.103169931697672,True
188,PCC-FCI (2),7.862834761996834,True
189,PCC-FCI (2),13.148532647522252,True
190,PCC-FCI (2),3.561754200569394,True
191,PCC-FCI (2),5.171592868985104,True
192,PCC-FCI (2),8.893963895697823,False
193,PCC-FCI (2),2.5409964914674354,True
194,PCC-FCI (2),10.263022013395824,False
195,PCC-FCI (2),13.182471021337886,False
196,PCC-FCI (2),12.152616716919002,False
197,PCC-FCI (2),1.4396743890123953,True
198,PCC-FCI (2),2.5335960457343893,True
199,PCC-FCI (2),17.168472894810577,False
0,HIP-GMI (3),0.6968921849941156,False
1,HIP-GMI (3),0.06731456219779502,False
2,HIP-GMI (3),0.6576820329674062,True
3,HIP-GMI (3),0.15464091456699114,True
4,HIP-GMI (3),0.6525443944015381,True
5,HIP-GMI (3),0.5838584260654434,False
6,HIP-GMI (3),0.7406497457032352,True
7,HIP-GMI (3),0.5607600998096198,True
8,HIP-GMI (3),0.45281808635873166,False
9,HIP-GMI (3),0.45765940043680514,True
10,HIP-GMI (3),-0.11588430768374425,True
11,HIP-GMI (3),0.5228293897352685,True
12,HIP-GMI (3),-0.16401802583102898,True
13,HIP-GMI (3),0.3983599865954133,True
14,HIP-GMI (3),0.4008772978189491,True
15,HIP-GMI (3),0.216030623612495,False
16,HIP-GMI (3),0.3996901765314588,True
17,HIP-GMI (3),0.42922481859253275,True
18,HIP-GMI (3),0.44139023452307313,False
19,HIP-GMI (3),0.3356948187875408,False
20,HIP-GMI (3),0.4147197257567045,False
21,HIP-GMI (3),0.37555573795100905,False
22,HIP-GMI (3),0.4074386604994407,True
23,HIP-GMI (3),0.19356739939327963,True
24,HIP-GMI (3),-0.006498780472158516,False
25,HIP-GMI (3),-0.00873138781813898,False
26,HIP-GMI (3),0.2915503659790771,True
27,HIP-GMI (3),0.16135280223780005,False
28,HIP-GMI (3),0.21169106135634358,False
29,HIP-GMI (3),0.30129854670217543,False
30,HIP-GMI (3),0.3601464261705548,False
31,HIP-GMI (3),0.5013686765238542,False
32,HIP-GMI (3),0.15001397666047914,False
33,HIP-GMI (3),0.1711643165831967,False
34,HIP-GMI (3),0.08780737287810692,False
35,HIP-GMI (3),0.4630788493391868,True
36,HIP-GMI (3),1.1271528076252177,True
37,HIP-GMI (3),-0.06003216105253034,True
38,HIP-GMI (3),0.001031943100829269,True
39,HIP-GMI (3),0.24089436205206954,False
40,HIP-GMI (3),0.36448807793995747,True
41,HIP-GMI (3),0.19440726238214842,False
42,HIP-GMI (3),0.13854510140169757,False
43,HIP-GMI (3),0.8508415729023142,False
44,HIP-GMI (3),0.35438977037075636,True
45,HIP-GMI (3),0.5023869613746912,False
46,HIP-GMI (3),0.23567452234607272,False
47,HIP-GMI (3),-0.003374615231713951,True
48,HIP-GMI (3),0.33936980464854266,True
49,HIP-GMI (3),0.41652225720922187,True
50,HIP-GMI (3),0.0359652592601124,False
51,HIP-GMI (3),0.11973339745004158,True
52,HIP-GMI (3),0.17221180661639068,True
53,HIP-GMI (3),0.23107858609038234,True
54,HIP-GMI (3),0.26274709673267893,False
55,HIP-GMI (3),-0.14656701332497185,True
56,HIP-GMI (3),0.4378017588081654,True
57,HIP-GMI (3),0.23710323824060053,False
58,HIP-GMI (3),0.33504759229496467,True
59,HIP-GMI (3),0.520278557185243,False
60,HIP-GMI (3),-0.001173889183094745,False
61,HIP-GMI (3),-0.1194274448947702,False
62,HIP-GMI (3),0.39666828265356885,False
63,HIP-GMI (3),-0.03425173900563899,True
64,HIP-GMI (3),0.06516902482341302,True
65,HIP-GMI (3),0.3928462648480837,True
66,HIP-GMI (3),-0.08917344441366865,True
67,HIP-GMI (3),0.300676527145195,False
68,HIP-GMI (3),0.17797844704597027,False
69,HIP-GMI (3),0.09192345573637553,True
70,HIP-GMI (3),0.3833611844194102,True
71,HIP-GMI (3),0.01097674014574379,True
72,HIP-GMI (3),0.35049931240327636,False
73,HIP-GMI (3),0.1369926472420968,True
74,HIP-GMI (3),0.38832173843770545,True
75,HIP-GMI (3),0.1742835247961478,True
76,HIP-GMI (3),0.5289223397368661,True
77,HIP-GMI (3),0.0814259583928118,False
78,HIP-GMI (3),0.04279184137645681,False
79,HIP-GMI (3),0.7759105903558785,True
80,HIP-GMI (3),0.263158254923043,True
81,HIP-GMI (3),0.7432325352178347,True
82,HIP-GMI (3),0.27519997179860506,False
83,HIP-GMI (3),0.8698853649932912,True
84,HIP-GMI (3),0.4967015026319559,False
85,HIP-GMI (3),0.3173014308221226,True
86,HIP-GMI (3),0.09560705079070314,False
87,HIP-GMI (3),0.3626704802258448,False
88,HIP-GMI (3),0.2944032111924181,True
89,HIP-GMI (3),0.2504193860414309,False
90,HIP-GMI (3),0.3750162219890744,False
91,HIP-GMI (3),0.5256592042219187,True
92,HIP-GMI (3),-0.2057478925818076,True
93,HIP-GMI (3),-0.1310215405942211,True
94,HIP-GMI (3),0.029901529231643853,False
95,HIP-GMI (3),0.5322371030897537,False
96,HIP-GMI (3),0.889700190104187,True
97,HIP-GMI (3),0.4824579130546065,False
98,HIP-GMI (3),0.23322607936346199,False
99,HIP-GMI (3),0.7379294625429281,False
100,HIP-GMI (3),0.8377783073371539,True
101,HIP-GMI (3),0.48188999836435,True
102,HIP-GMI (3),0.25843210674338346,True
103,HIP-GMI (3),0.7876838300402117,False
104,HIP-GMI (3),1.0187997942313158,False
105,HIP-GMI (3),0.7471401107910067,False
106,HIP-GMI (3),-0.06184115452264721,True
107,HIP-GMI (3),0.27386798286820563,False
108,HIP-GMI (3),0.2644484700412274,False
109,HIP-GMI (3),0.5708076668941682,True
110,HIP-GMI (3),0.10112443668790355,False
111,HIP-GMI (3),0.3176422723002416,True
112,HIP-GMI (3),0.42381860803230786,True
113,HIP-GMI (3),0.3047274888408708,False
114,HIP-GMI (3),0.41735963046812613,True
115,HIP-GMI (3),0.046535779983065684,False
116,HIP-GMI (3),0.37014524683875244,True
117,HIP-GMI (3),0.2475186717627499,True
118,HIP-GMI (3),0.21602322909623492,False
119,HIP-GMI (3),0.1326940737159952,True
120,HIP-GMI (3),0.9454396458455131,False
121,HIP-GMI (3),0.44770545904801934,False
122,HIP-GMI (3),0.9847631766676039,True
123,HIP-GMI (3),0.14860589090112575,True
124,HIP-GMI (3),0.36180072079934633,True
125,HIP-GMI (3),0.12453765988718696,False
126,HIP-GMI (3),-0.1252830485676304,False
127,HIP-GMI (3),0.41478946620469825,True
128,HIP-GMI (3),0.20271661042617808,True
129,HIP-GMI (3),0.729518246151327,True
130,HIP-GMI (3),0.2242903674269033,True
131,HIP-GMI (3),0.40473795483720637,True
132,HIP-GMI (3),0.30019577934554004,True
133,HIP-GMI (3),0.40249334925256713,False
134,HIP-GMI (3),0.3729293000607818,False
135,HIP-GMI (3),0.03750432255494879,True
136,HIP-GMI (3),0.8628138793818927,False
137,HIP-GMI (3),0.27696047718872285,False
138,HIP-GMI (3),0.09034967506565106,True
139,HIP-GMI (3),0.29886720673682987,False
140,HIP-GMI (3),0.21242205724336344,True
141,HIP-GMI (3),0.40952129776284785,True
142,HIP-GMI (3),0.4252383263578324,False
143,HIP-GMI (3),0.2462900137473515,False
144,HIP-GMI (3),0.5653106282460472,False
145,HIP-GMI (3),0.2339218193604636,False
146,HIP-GMI (3),-0.3076441626115812,True
147,HIP-GMI (3),0.5148543922975309,True
148,HIP-GMI (3),0.1831796607913192,False
149,HIP-GMI (3),-0.11261507266398141,False
150,HIP-GMI (3),0.2801718778878969,False
151,HIP-GMI (3),0.508940160355908,True
152,HIP-GMI (3),0.22316819344908811,False
153,HIP-GMI (3),0.3432407511146362,False
154,HIP-GMI (3),0.19471028863359643,False
155,HIP-GMI (3),0.7824245400554664,False
156,HIP-GMI (3),0.5935467162154775,True
157,HIP-GMI (3),0.30950989378153754,True
158,HIP-GMI (3),0.09997756549673198,False
159,HIP-GMI (3),0.09200795607750473,True
160,HIP-GMI (3),0.5735269946182624,False
161,HIP-GMI (3),0.17519178402019986,False
162,HIP-GMI (3),0.2702013190488365,False
163,HIP-GMI (3),0.03269831741332674,True
164,HIP-GMI (3),0.7257082096354859,False
165,HIP-GMI (3),0.21169786976165805,False
166,HIP-GMI (3),0.20281449544726543,False
167,HIP-GMI (3),0.3311329701075893,True
168,HIP-GMI (3),0.06942326243316205,False
169,HIP-GMI (3),0.4122210505667181,False
170,HIP-GMI (3),0.24821375953599287,False
171,HIP-GMI (3),0.5487196974128037,True
172,HIP-GMI (3),0.2836584678064375,False
173,HIP-GMI (3),0.3534080881305466,True
174,HIP-GMI (3),0.35485238761869875,True
175,HIP-GMI (3),0.3022068117680036,True
176,HIP-GMI (3),0.5769249195035373,False
177,HIP-GMI (3),0.22296698824497266,False
178,HIP-GMI (3),0.4528587235519765,False
179,HIP-GMI (3),-0.1084145645338922,False
180,HIP-GMI (3),0.3604671228585435,False
181,HIP-GMI (3),0.21516440204194548,True
182,HIP-GMI (3),0.3073315488800042,True
183,HIP-GMI (3),0.14723958841840434,True
184,HIP-GMI (3),0.5159513845251269,True
185,HIP-GMI (3),0.41584580344429417,False
186,HIP-GMI (3),0.2109069411219022,False
187,HIP-GMI (3),0.18866282384475214,True
188,HIP-GMI (3),0.6298063630183576,True
189,HIP-GMI (3),-0.128972724494692,True
190,HIP-GMI (3),0.7672807329114648,True
191,HIP-GMI (3),0.19219574664698402,True
192,HIP-GMI (3),0.18842789857441125,False
193,HIP-GMI (3),0.516968153177732,True
194,HIP-GMI (3),0.5949096658994192,False
195,HIP-GMI (3),-0.06422675161596764,False
196,HIP-GMI (3),0.5599378847495394,False
197,HIP-GMI (3),0.30717589318662736,True
198,HIP-GMI (3),0.7645877254405968,True
199,HIP-GMI (3),0.9642328018095806,False
0,FUS-GMI (4),0.5033622260757742,False
1,FUS-GMI (4),0.6139596525023949,False
2,FUS-GMI (4),0.5712300322989303,True
3,FUS-GMI (4),0.5786959066773179,True
4,FUS-GMI (4),0.44723407936814097,True
5,FUS-GMI (4),0.6342054762977994,False
6,FUS-GMI (4),0.6676936971875014,True
7,FUS-GMI (4),0.5815569248482009,True
8,FUS-GMI (4),0.4614254737531883,False
9,FUS-GMI (4),0.6080781203554361,True
10,FUS-GMI (4),0.5166303476768299,True
11,FUS-GMI (4),0.5816150847562463,True
12,FUS-GMI (4),0.6769281493741484,True
13,FUS-GMI (4),0.7242534041421669,True
14,FUS-GMI (4),0.5154003829284405,True
15,FUS-GMI (4),0.7019600449655954,False
16,FUS-GMI (4),0.5717693762564081,True
17,FUS-GMI (4),0.5015705073595036,True
18,FUS-GMI (4),0.6655675152895443,False
19,FUS-GMI (4),0.5673010939014212,False
20,FUS-GMI (4),0.5810372877382471,False
21,FUS-GMI (4),0.6257502459459368,False
22,FUS-GMI (4),0.689545497168596,True
23,FUS-GMI (4),0.6351364300636643,True
24,FUS-GMI (4),0.5937043461505703,False
25,FUS-GMI (4),0.6192387548228805,False
26,FUS-GMI (4),0.5808298367143928,True
27,FUS-GMI (4),0.6663995313497169,False
28,FUS-GMI (4),0.5771992812080523,False
29,FUS-GMI (4),0.6121115163549121,False
30,FUS-GMI (4),0.6177982154359911,False
31,FUS-GMI (4),0.6176356045544665,False
32,FUS-GMI (4),0.5967692998298411,False
33,FUS-GMI (4),0.5714782593351986,False
34,FUS-GMI (4),0.5972408973590085,False
35,FUS-GMI (4),0.6668760241363287,True
36,FUS-GMI (4),0.5923503250792804,True
37,FUS-GMI (4),0.4592478883469492,True
38,FUS-GMI (4),0.3850404614005445,True
39,FUS-GMI (4),0.7048495163837203,False
40,FUS-GMI (4),0.46688367080900606,True
41,FUS-GMI (4),0.6262594841941783,False
42,FUS-GMI (4),0.6032176137950438,False
43,FUS-GMI (4),0.5848911804215442,False
44,FUS-GMI (4),0.5691053733855025,True
45,FUS-GMI (4),0.5358931839412509,False
46,FUS-GMI (4),0.5839678308827772,False
47,FUS-GMI (4),0.4500981364440627,True
48,FUS-GMI (4),0.5791705215229066,True
49,FUS-GMI (4),0.43150207685509245,True
50,FUS-GMI (4),0.7038265100432681,False
51,FUS-GMI (4),0.45439144474889437,True
52,FUS-GMI (4),0.4478789274617926,True
53,FUS-GMI (4),0.48434811283040435,True
54,FUS-GMI (4),0.6017294475682754,False
55,FUS-GMI (4),0.6383456937821188,True
56,FUS-GMI (4),0.6478384621725521,True
57,FUS-GMI (4),0.6923053440559382,False
58,FUS-GMI (4),0.6024524172420473,True
59,FUS-GMI (4),0.5230610706411598,False
60,FUS-GMI (4),0.5980292731497944,False
61,FUS-GMI (4),0.6483809435414636,False
62,FUS-GMI (4),0.5835519462120744,False
63,FUS-GMI (4),0.6349030678709199,True
64,FUS-GMI (4),0.6153543679670893,True
65,FUS-GMI (4),0.5866552099586215,True
66,FUS-GMI (4),0.5027228949844001,True
67,FUS-GMI (4),0.6503792561899127,False
68,FUS-GMI (4),0.5915246362616156,False
69,FUS-GMI (4),0.4732903865293349,True
70,FUS-GMI (4),0.512044060889943,True
71,FUS-GMI (4),0.5331624886192889,True
72,FUS-GMI (4),0.5204290545150436,False
73,FUS-GMI (4),0.5912146841483972,True
74,FUS-GMI (4),0.6495968564109929,True
75,FUS-GMI (4),0.49998527344656,True
76,FUS-GMI (4),0.5231271158797213,True
77,FUS-GMI (4),0.6048099241594856,False
78,FUS-GMI (4),0.6534592142810989,False
79,FUS-GMI (4),0.4085441417922204,True
80,FUS-GMI (4),0.6160168436396699,True
81,FUS-GMI (4),0.6479269947695265,True
82,FUS-GMI (4),0.5985601435568899,False
83,FUS-GMI (4),0.5019707967958411,True
84,FUS-GMI (4),0.6633238600758521,False
85,FUS-GMI (4),0.570200634545907,True
86,FUS-GMI (4),0.6359823491561863,False
87,FUS-GMI (4),0.5571111175888691,False
88,FUS-GMI (4),0.6262533418077219,True
89,FUS-GMI (4),0.6114642836476968,False
90,FUS-GMI (4),0.5838595543290187,False
91,FUS-GMI (4),0.5771210644046308,True
92,FUS-GMI (4),0.6317116558744342,True
93,FUS-GMI (4),0.7035204805244357,True
94,FUS-GMI (4),0.5685079416304157,False
95,FUS-GMI (4),0.5572548497689743,False
96,FUS-GMI (4),0.5178800325309181,True
97,FUS-GMI (4),0.6224326014068128,False
98,FUS-GMI (4),0.6536230694425992,False
99,FUS-GMI (4),0.5814430480189574,False
100,FUS-GMI (4),0.37348595811663315,True
101,FUS-GMI (4),0.6174857745982113,True
102,FUS-GMI (4),0.5636021111423432,True
103,FUS-GMI (4),0.7698461134971811,False
104,FUS-GMI (4),0.5909179753095777,False
105,FUS-GMI (4),0.6969562317593755,False
106,FUS-GMI (4),0.5242139840668646,True
107,FUS-GMI (4),0.6197087103320597,False
108,FUS-GMI (4),0.6708490977776871,False
109,FUS-GMI (4),0.4582740862355932,True
110,FUS-GMI (4),0.6216406537283502,False
111,FUS-GMI (4),0.5396314906370886,True
112,FUS-GMI (4),0.6796704093122986,True
113,FUS-GMI (4),0.4793046888136541,False
114,FUS-GMI (4),0.6443987893540403,True
115,FUS-GMI (4),0.5949825808508515,False
116,FUS-GMI (4),0.5753792920060359,True
117,FUS-GMI (4),0.5920858511608671,True
118,FUS-GMI (4),0.595610644379256,False
119,FUS-GMI (4),0.6462079014335843,True
120,FUS-GMI (4),0.5478855041549313,False
121,FUS-GMI (4),0.63189688630198,False
122,FUS-GMI (4),0.3312077791073313,True
123,FUS-GMI (4),0.6833268340460772,True
124,FUS-GMI (4),0.645968213252529,True
125,FUS-GMI (4),0.6980315959530958,False
126,FUS-GMI (4),0.5249266542672106,False
127,FUS-GMI (4),0.5562136079690512,True
128,FUS-GMI (4),0.7761948456470474,True
129,FUS-GMI (4),0.6220798792007656,True
130,FUS-GMI (4),0.5773182753490262,True
131,FUS-GMI (4),0.5422493297035109,True
132,FUS-GMI (4),0.4690645512121352,True
133,FUS-GMI (4),0.5637506406362994,False
134,FUS-GMI (4),0.5539427857094805,False
135,FUS-GMI (4),0.6013904491169644,True
136,FUS-GMI (4),0.6051925352018582,False
137,FUS-GMI (4),0.5838208044242648,False
138,FUS-GMI (4),0.5179009881803374,True
139,FUS-GMI (4),0.6029114674271564,False
140,FUS-GMI (4),0.5451587787526091,True
141,FUS-GMI (4),0.5558699055968855,True
142,FUS-GMI (4),0.5607142873995855,False
143,FUS-GMI (4),0.5594677625886538,False
144,FUS-GMI (4),0.5914325068385929,False
145,FUS-GMI (4),0.6043625692890204,False
146,FUS-GMI (4),0.5143583951041107,True
147,FUS-GMI (4),0.634144701845586,True
148,FUS-GMI (4),0.6127276880340127,False
149,FUS-GMI (4),0.6748178577371945,False
150,FUS-GMI (4),0.5284052626717511,False
151,FUS-GMI (4),0.4956126163575808,True
152,FUS-GMI (4),0.6677331893415499,False
153,FUS-GMI (4),0.5845984289081142,False
154,FUS-GMI (4),0.6074546985201046,False
155,FUS-GMI (4),0.6089397728110064,False
156,FUS-GMI (4),0.40182889653781134,True
157,FUS-GMI (4),0.6593108943636855,True
158,FUS-GMI (4),0.5574526628297795,False
159,FUS-GMI (4),0.5454191597035613,True
160,FUS-GMI (4),0.6411141746447033,False
161,FUS-GMI (4),0.630609180215087,False
162,FUS-GMI (4),0.6181442643825626,False
163,FUS-GMI (4),0.49451946677126246,True
164,FUS-GMI (4),0.5436685718798647,False
165,FUS-GMI (4),0.6561093829553042,False
166,FUS-GMI (4),0.5812374061344664,False
167,FUS-GMI (4),0.7085903878708509,True
168,FUS-GMI (4),0.65756853383147,False
169,FUS-GMI (4),0.48372043270074927,False
170,FUS-GMI (4),0.6598209351281378,False
171,FUS-GMI (4),0.4740330423684216,True
172,FUS-GMI (4),0.6455735215064807,False
173,FUS-GMI (4),0.6870324875813401,True
174,FUS-GMI (4),0.6106311223349731,True
175,FUS-GMI (4),0.6127800200699022,True
176,FUS-GMI (4),0.6158681818982554,False
177,FUS-GMI (4),0.5766905986810505,False
178,FUS-GMI (4),0.5847649712845541,False
179,FUS-GMI (4),0.6035851125421136,False
180,FUS-GMI (4),0.4312761348415106,False
181,FUS-GMI (4),0.5756696680994577,True
182,FUS-GMI (4),0.6738773378241537,True
183,FUS-GMI (4),0.6047597322776195,True
184,FUS-GMI (4),0.5337728603063228,True
185,FUS-GMI (4),0.5809558593244962,False
186,FUS-GMI (4),0.5526390598109616,False
187,FUS-GMI (4),0.593864686334967,True
188,FUS-GMI (4),0.4853636395983578,True
189,FUS-GMI (4),0.5785670041150265,True
190,FUS-GMI (4),0.6827229983553651,True
191,FUS-GMI (4),0.6666394609996882,True
192,FUS-GMI (4),0.6288217767084593,False
193,FUS-GMI (4),0.6305561080459953,True
194,FUS-GMI (4),0.47276512771861146,False
195,FUS-GMI (4),0.6586355669927066,False
196,FUS-GMI (4),0.6231885591207454,False
197,FUS-GMI (4),0.6047773998110166,True
198,FUS-GMI (4),0.50408110135785,True
199,FUS-GMI (4),0.6229905270492183,False
0,FUS-FCI (5),-13.985079138889901,False
1,FUS-FCI (5),-11.976286679463085,False
2,FUS-FCI (5),-10.537123027480197,True
3,FUS-FCI (5),-12.06664362573734,True
4,FUS-FCI (5),-11.748757819761567,True
5,FUS-FCI (5),-11.82138760091198,False
6,FUS-FCI (5),-7.502717996919342,True
7,FUS-FCI (5),-3.5848889332823664,True
8,FUS-FCI (5),-11.292954106557254,False
9,FUS-FCI (5),-9.003386881526511,True
10,FUS-FCI (5),-16.513560076276363,True
11,FUS-FCI (5),-8.331723666152094,True
12,FUS-FCI (5),-6.060186313335894,True
13,FUS-FCI (5),-15.707579748237519,True
14,FUS-FCI (5),-12.796143071400966,True
15,FUS-FCI (5),-9.315150486913401,False
16,FUS-FCI (5),-8.789408841518492,True
17,FUS-FCI (5),-12.200765006814267,True
18,FUS-FCI (5),-9.921651380382018,False
19,FUS-FCI (5),-11.248122000642603,False
20,FUS-FCI (5),-14.218668458670702,False
21,FUS-FCI (5),-7.257415420782089,False
22,FUS-FCI (5),-10.16846563182924,True
23,FUS-FCI (5),-7.629625335450591,True
24,FUS-FCI (5),-5.229387492484787,False
25,FUS-FCI (5),-11.808598389689264,False
26,FUS-FCI (5),-6.918523775522113,True
27,FUS-FCI (5),-6.814806891241816,False
28,FUS-FCI (5),-3.6374011396960446,False
29,FUS-FCI (5),-9.085024764178655,False
30,FUS-FCI (5),-5.390009170490248,False
31,FUS-FCI (5),-8.114472185753916,False
32,FUS-FCI (5),-12.81763463188748,False
33,FUS-FCI (5),-5.004766816204876,False
34,FUS-FCI (5),-7.263173479640283,False
35,FUS-FCI (5),-6.404421495598644,True
36,FUS-FCI (5),-13.84866988463223,True
37,FUS-FCI (5),-19.38778932624601,True
38,FUS-FCI (5),-4.025536011176858,True
39,FUS-FCI (5),-10.348838582825886,False
40,FUS-FCI (5),-6.557589280880464,True
41,FUS-FCI (5),-13.166751782654277,False
42,FUS-FCI (5),-9.793371831594074,False
43,FUS-FCI (5),-13.079435733923077,False
44,FUS-FCI (5),-6.701950509047164,True
45,FUS-FCI (5),-5.847966876173846,False
46,FUS-FCI (5),-8.048002296900474,False
47,FUS-FCI (5),-10.360416421600878,True
48,FUS-FCI (5),-8.504967524958644,True
49,FUS-FCI (5),-21.839830903217663,True
50,FUS-FCI (5),-11.977854649921628,False
51,FUS-FCI (5),-16.400227484108044,True
52,FUS-FCI (5),-18.402575559032982,True
53,FUS-FCI (5),-9.094464052086584,True
54,FUS-FCI (5),-11.907674502483863,False
55,FUS-FCI (5),-14.964699004436701,True
56,FUS-FCI (5),-9.12758386773365,True
57,FUS-FCI (5),-10.954751379785852,False
58,FUS-FCI (5),-8.513824979129996,True
59,FUS-FCI (5),-14.600577983572794,False
60,FUS-FCI (5),-12.55346627840943,False
61,FUS-FCI (5),-6.943412389769217,False
62,FUS-FCI (5),-10.551098255057598,False
63,FUS-FCI (5),-7.261608970003593,True
64,FUS-FCI (5),-18.62643646697568,True
65,FUS-FCI (5),-11.604367464524247,True
66,FUS-FCI (5),-8.793272681098514,True
67,FUS-FCI (5),-9.965728476148909,False
68,FUS-FCI (5),-9.903518338662922,False
69,FUS-FCI (5),-13.790205127363748,True
70,FUS-FCI (5),-11.866976486256902,True
71,FUS-FCI (5),-5.975505989181088,True
72,FUS-FCI (5),-7.808047025222739,False
73,FUS-FCI (5),-14.65024929483915,True
74,FUS-FCI (5),-15.746834011793755,True
75,FUS-FCI (5),-13.69931783732467,True
76,FUS-FCI (5),-4.528159369903984,True
77,FUS-FCI (5),-7.956161071917853,False
78,FUS-FCI (5),-11.414889042877798,False
79,FUS-FCI (5),-21.59850735585318,True
80,FUS-FCI (5),-13.326852195905131,True
81,FUS-FCI (5),-10.555198590923029,True
82,FUS-FCI (5),-13.683971971599286,False
83,FUS-FCI (5),-19.256947901370573,True
84,FUS-FCI (5),-8.260504859634924,False
85,FUS-FCI (5),-13.723261286452567,True
86,FUS-FCI (5),-8.843362498755436,False
87,FUS-FCI (5),-12.384569622104317,False
88,FUS-FCI (5),-8.58086463138068,True
89,FUS-FCI (5),-12.800496730977818,False
90,FUS-FCI (5),-13.008275916457166,False
91,FUS-FCI (5),-8.375966217973849,True
92,FUS-FCI (5),-15.316285484107443,True
93,FUS-FCI (5),-13.830995895581053,True
94,FUS-FCI (5),-10.629487826252475,False
95,FUS-FCI (5),-4.870753529466649,False
96,FUS-FCI (5),-14.874083539750778,True
97,FUS-FCI (5),-6.476315218525739,False
98,FUS-FCI (5),-6.027815513760477,False
99,FUS-FCI (5),-13.456062213136466,False
100,FUS-FCI (5),-12.205504557342326,True
101,FUS-FCI (5),-9.269765967732049,True
102,FUS-FCI (5),-15.727694304650656,True
103,FUS-FCI (5),-10.12970774676371,False
104,FUS-FCI (5),-9.654168866763444,False
105,FUS-FCI (5),-7.652305672773004,False
106,FUS-FCI (5),-30.87966279443197,True
107,FUS-FCI (5),-3.0671858772209957,False
108,FUS-FCI (5),-9.939816301145742,False
109,FUS-FCI (5),-27.50162491081236,True
110,FUS-FCI (5),-7.764768697941822,False
111,FUS-FCI (5),-4.412715248078461,True
112,FUS-FCI (5),-10.926531285938696,True
113,FUS-FCI (5),-13.011026874267026,False
114,FUS-FCI (5),-6.448328326817261,True
115,FUS-FCI (5),-10.99019360585792,False
116,FUS-FCI (5),-18.743347614925103,True
117,FUS-FCI (5),-9.771911470860392,True
118,FUS-FCI (5),-14.728266153698971,False
119,FUS-FCI (5),-10.817868322833883,True
120,FUS-FCI (5),-9.733000848205831,False
121,FUS-FCI (5),-9.901396763415876,False
122,FUS-FCI (5),-8.587284386539155,True
123,FUS-FCI (5),-8.096170821789658,True
124,FUS-FCI (5),-3.384700322700378,True
125,FUS-FCI (5),-10.071859612076759,False
126,FUS-FCI (5),-11.026222486389651,False
127,FUS-FCI (5),-10.961210608175733,True
128,FUS-FCI (5),-11.112482568878558,True
129,FUS-FCI (5),-10.251226327021065,True
130,FUS-FCI (5),-11.836653464354335,True
131,FUS-FCI (5),-11.186294621076115,True
132,FUS-FCI (5),-29.142264717855795,True
133,FUS-FCI (5),-7.74848218779165,False
134,FUS-FCI (5),-6.536815080987024,False
135,FUS-FCI (5),-8.00220031654543,True
136,FUS-FCI (5),-8.651385285170848,False
137,FUS-FCI (5),-6.3101671799715335,False
138,FUS-FCI (5),-17.069835122865662,True
139,FUS-FCI (5),-17.896309770930095,False
140,FUS-FCI (5),-10.140894461106083,True
141,FUS-FCI (5),-25.447289676566868,True
142,FUS-FCI (5),-13.283267445414966,False
143,FUS-FCI (5),-7.111823660513977,False
144,FUS-FCI (5),-10.535466098405047,False
145,FUS-FCI (5),-11.404902777703573,False
146,FUS-FCI (5),-12.235711094386248,True
147,FUS-FCI (5),-13.806734187804524,True
148,FUS-FCI (5),-6.661481235848946,False
149,FUS-FCI (5),-3.2938599361794,False
150,FUS-FCI (5),-2.6549514790182354,False
151,FUS-FCI (5),-31.063191252197214,True
152,FUS-FCI (5),-15.308310509980034,False
153,FUS-FCI (5),-11.12976427413946,False
154,FUS-FCI (5),-8.561439578419973,False
155,FUS-FCI (5),-9.426542112141107,False
156,FUS-FCI (5),-15.453741624913013,True
157,FUS-FCI (5),-6.219476115858116,True
158,FUS-FCI (5),-7.664050680913707,False
159,FUS-FCI (5),-9.45765929601367,True
160,FUS-FCI (5),-6.760443886529162,False
161,FUS-FCI (5),-7.812539312317661,False
162,FUS-FCI (5),-6.894847490755847,False
163,FUS-FCI (5),-15.400634049460553,True
164,FUS-FCI (5),-7.286643546499824,False
165,FUS-FCI (5),-11.860575394893456,False
166,FUS-FCI (5),-4.266809823453003,False
167,FUS-FCI (5),-11.258125148659035,True
168,FUS-FCI (5),-10.681352593629379,False
169,FUS-FCI (5),-9.81593660607993,False
170,FUS-FCI (5),-14.570869046518414,False
171,FUS-FCI (5),-15.739504659371036,True
172,FUS-FCI (5),-8.774252014568274,False
173,FUS-FCI (5),-5.726322367388745,True
174,FUS-FCI (5),-25.837094865641966,True
175,FUS-FCI (5),-9.903278155921992,True
176,FUS-FCI (5),-9.707223669438765,False
177,FUS-FCI (5),-9.90955041555849,False
178,FUS-FCI (5),-12.131085017482349,False
179,FUS-FCI (5),-10.731125128956476,False
180,FUS-FCI (5),-16.989954255718928,False
181,FUS-FCI (5),-11.390948583954197,True
182,FUS-FCI (5),-8.856768732310085,True
183,FUS-FCI (5),-28.435442434329186,True
184,FUS-FCI (5),-4.564470431140814,True
185,FUS-FCI (5),-9.16676254638294,False
186,FUS-FCI (5),-12.841862126723475,False
187,FUS-FCI (5),-14.704685278210496,True
188,FUS-FCI (5),-18.266063674515475,True
189,FUS-FCI (5),-11.200993141849398,True
190,FUS-FCI (5),-6.4362961659735864,True
191,FUS-FCI (5),-7.404270778369229,True
192,FUS-FCI (5),-11.391991250567463,False
193,FUS-FCI (5),-8.106793653635957,True
194,FUS-FCI (5),-8.508420920945078,False
195,FUS-FCI (5),-9.003104207215161,False
196,FUS-FCI (5),-12.780411007149901,False
197,FUS-FCI (5),-14.696266555156352,True
198,FUS-FCI (5),-10.212810278074608,True
199,FUS-FCI (5),-14.18224610142751,False
