iteration,FCI(HIP),GMI(HIP),FCI(Fusi),FCI(PCC),GMI(FUS)
1,3,5,1,2,4
2,3,4,1,2,5
3,5,4,1,2,3
4,5,4,2,1,3
5,5,4,1,2,3
6,5,4,1,2,3
7,5,4,1,2,3
8,5,4,1,2,3
9,5,4,1,2,3
10,5,4,1,2,3
11,5,4,1,2,3
12,5,4,1,2,3
13,5,4,1,2,3
14,5,4,1,2,3
15,5,4,1,2,3
16,5,4,1,2,3
17,5,4,1,2,3
18,5,4,1,2,3
19,5,4,1,2,3
20,5,4,1,2,3
21,5,4,1,2,3
22,5,4,1,2,3
23,5,4,1,2,3
24,5,4,1,2,3
25,5,4,1,2,3
26,5,4,1,2,3
27,5,4,1,2,3
28,5,4,1,2,3
29,5,4,1,2,3
30,5,4,1,2,3
31,5,4,1,2,3
32,5,4,1,2,3
33,5,4,3,2,1
34,5,4,3,1,2
35,5,4,3,1,2
36,5,4,3,1,2
37,5,4,3,1,2
38,5,4,3,1,2
39,5,4,3,1,2
40,5,4,3,1,2
41,5,4,3,1,2
42,5,4,3,1,2
43,5,4,3,1,2
44,5,4,3,1,2
45,5,4,3,1,2
46,5,4,3,1,2
47,5,4,3,1,2
48,5,4,3,1,2
49,5,4,3,1,2
50,5,4,3,1,2
51,5,4,3,1,2
52,5,4,3,1,2
53,5,4,3,1,2
54,5,4,3,1,2
55,5,4,3,1,2
56,5,4,3,1,2
57,5,4,3,1,2
58,5,4,3,1,2
59,5,4,3,1,2
60,5,4,3,1,2
61,5,4,3,1,2
62,5,4,3,1,2
63,5,4,3,1,2
64,5,4,3,1,2
65,5,4,3,1,2
66,5,4,3,1,2
67,5,4,3,1,2
68,5,4,3,1,2
69,5,4,3,1,2
70,5,4,3,1,2
71,5,4,2,1,3
72,5,2,4,1,3
73,5,2,3,1,4
74,5,2,3,4,1
75,5,2,3,1,4
76,5,2,3,1,4
77,5,2,3,1,4
78,5,2,3,1,4
79,5,2,3,1,4
80,5,2,3,1,4
81,5,2,3,1,4
82,5,2,3,1,4
83,5,2,3,1,4
84,5,2,3,1,4
85,5,2,3,1,4
86,5,2,3,1,4
87,5,2,3,1,4
88,5,2,3,1,4
89,5,2,3,1,4
90,5,2,3,1,4
91,5,2,3,1,4
92,5,2,3,1,4
93,5,2,3,1,4
94,5,2,3,4,1
95,5,2,3,4,1
96,5,2,3,4,1
97,5,2,3,4,1
98,5,2,3,4,1
99,5,2,3,4,1
100,5,2,3,4,1
101,5,2,3,4,1
102,5,2,3,4,1
103,5,2,3,4,1
104,5,2,3,4,1
105,5,2,3,4,1
106,5,2,3,4,1
107,5,2,3,4,1
108,5,2,3,4,1
109,5,2,3,4,1
110,5,2,3,4,1
111,5,2,3,4,1
112,5,2,3,4,1
113,5,2,3,4,1
114,5,2,3,4,1
115,5,2,3,4,1
116,5,4,3,2,1
117,5,4,3,2,1
118,5,4,3,2,1
119,5,4,3,2,1
120,5,4,3,2,1
121,5,4,3,2,1
122,5,4,3,2,1
123,5,4,3,2,1
124,5,4,3,2,1
125,5,4,3,2,1
126,5,4,3,2,1
127,5,4,3,2,1
128,5,4,3,2,1
129,5,4,3,2,1
130,5,4,3,2,1
131,5,4,3,2,1
132,5,4,3,2,1
133,5,4,3,2,1
134,5,4,3,2,1
135,5,4,3,2,1
136,5,4,3,2,1
137,5,4,3,2,1
138,5,4,3,2,1
139,5,4,3,2,1
140,5,4,3,2,1
141,5,4,3,2,1
142,5,4,3,2,1
143,5,4,3,2,1
144,5,4,3,2,1
145,5,4,3,2,1
146,5,4,3,2,1
147,5,4,3,2,1
148,5,4,3,2,1
149,5,4,3,2,1
150,5,4,3,1,2
151,5,4,3,2,1
152,2,4,3,5,1
153,2,4,3,5,1
154,2,4,3,5,1
155,2,4,3,5,1
156,2,4,3,5,1
157,2,4,3,5,1
158,2,4,3,5,1
159,2,4,3,5,1
160,2,4,3,5,1
161,2,4,3,5,1
162,2,4,3,5,1
163,2,4,3,5,1
164,2,4,3,5,1
165,2,4,3,5,1
166,5,4,3,2,1
167,5,2,3,4,1
168,5,2,3,4,1
169,5,2,3,4,1
170,5,2,3,4,1
171,5,2,3,4,1
172,5,2,3,4,1
173,5,2,3,4,1
174,5,1,3,4,2
175,5,2,3,4,1
176,5,2,3,4,1
177,5,2,3,4,1
178,5,2,3,4,1
179,5,2,3,4,1
180,5,2,3,4,1
181,5,2,3,4,1
182,5,2,3,4,1
183,5,2,3,4,1
184,5,2,3,4,1
185,5,2,3,4,1
186,5,2,3,4,1
187,5,2,3,4,1
188,5,2,3,4,1
189,5,2,3,4,1
190,5,2,3,4,1
191,5,2,3,4,1
192,5,2,3,4,1
193,5,2,3,4,1
194,5,2,3,4,1
195,5,2,3,4,1
196,5,2,3,4,1
197,5,2,1,4,3
198,5,2,4,1,3
199,5,2,4,1,3
200,5,2,4,1,3
201,5,2,4,1,3
202,5,2,4,1,3
203,5,2,4,1,3
204,5,2,4,1,3
205,5,2,4,1,3
206,5,2,4,1,3
207,5,2,4,1,3
208,5,2,4,1,3
209,5,2,4,1,3
210,5,2,4,1,3
211,5,2,4,1,3
212,5,2,4,1,3
213,5,2,4,1,3
214,5,2,4,1,3
215,5,2,4,1,3
216,5,2,4,1,3
217,5,2,4,1,3
218,5,2,4,1,3
219,5,2,4,1,3
220,5,2,4,1,3
221,5,2,4,1,3
222,5,2,4,1,3
223,5,2,4,1,3
224,5,2,4,1,3
225,5,2,4,1,3
226,5,2,4,1,3
227,5,2,4,1,3
228,5,2,4,1,3
229,5,2,4,1,3
230,5,2,4,1,3
231,5,2,4,1,3
232,5,2,4,1,3
233,5,2,4,1,3
234,5,2,4,1,3
235,5,2,4,1,3
236,5,2,4,1,3
237,5,2,4,1,3
238,5,2,4,1,3
239,5,2,4,1,3
240,5,2,4,1,3
241,5,2,4,1,3
242,5,1,4,2,3
243,5,1,4,2,3
244,5,1,4,2,3
245,5,1,4,2,3
246,2,1,4,5,3
247,2,1,4,5,3
248,2,1,4,5,3
249,2,1,4,5,3
250,2,1,4,5,3
251,2,1,4,5,3
252,2,1,4,5,3
253,2,1,4,5,3
254,1,2,4,5,3
255,5,2,4,1,3
256,4,2,5,1,3
257,4,2,5,1,3
258,4,2,5,1,3
259,4,2,5,1,3
260,4,2,5,1,3
261,4,2,5,1,3
262,4,2,5,1,3
263,4,2,5,1,3
264,4,2,5,1,3
265,4,2,5,1,3
266,4,2,5,1,3
267,4,2,5,1,3
268,4,2,5,1,3
269,4,2,5,1,3
270,4,2,5,1,3
271,4,2,5,1,3
272,4,2,5,1,3
273,4,2,5,1,3
274,4,2,5,1,3
275,4,2,5,1,3
276,4,2,5,1,3
277,4,2,5,1,3
278,4,2,5,1,3
279,4,2,5,1,3
280,4,2,5,1,3
281,4,2,5,1,3
282,4,2,5,1,3
283,4,2,5,1,3
284,4,2,5,1,3
285,4,2,5,1,3
286,4,2,5,1,3
287,4,2,5,1,3
288,4,2,5,1,3
289,4,2,5,1,3
290,4,2,5,1,3
291,4,2,5,1,3
292,4,2,5,1,3
293,4,2,5,1,3
294,4,2,5,1,3
295,4,2,5,1,3
296,4,2,5,1,3
297,4,2,5,1,3
298,4,2,5,1,3
299,4,2,5,1,3
300,4,2,5,1,3
301,4,2,5,1,3
302,4,2,5,1,3
303,4,2,5,1,3
304,4,2,5,1,3
305,4,2,5,1,3
306,4,2,5,1,3
307,4,2,5,1,3
308,4,2,5,1,3
309,4,2,5,1,3
310,4,2,5,1,3
311,4,2,5,1,3
312,4,2,5,1,3
313,4,2,5,1,3
314,4,2,5,1,3
315,4,2,5,1,3
316,4,2,5,1,3
317,4,2,5,1,3
318,4,2,5,1,3
319,4,2,5,1,3
320,4,2,5,1,3
321,4,2,5,1,3
322,4,2,5,1,3
323,4,2,5,1,3
324,4,2,5,1,3
325,4,2,5,1,3
326,4,2,5,1,3
327,4,2,5,1,3
328,4,2,5,1,3
329,4,2,5,1,3
330,4,2,5,1,3
331,4,2,5,1,3
332,4,2,5,1,3
333,4,2,5,1,3
334,4,2,5,1,3
335,4,2,5,1,3
336,4,2,5,1,3
337,4,2,5,1,3
338,4,2,5,1,3
339,4,2,5,1,3
340,4,2,5,1,3
341,4,2,5,1,3
342,4,2,5,1,3
343,4,2,5,1,3
344,4,2,5,1,3
345,4,2,5,1,3
346,4,2,5,1,3
347,4,2,5,1,3
348,4,2,5,1,3
349,4,2,5,1,3
350,4,2,5,1,3
351,4,2,5,1,3
352,4,2,5,1,3
353,4,2,5,1,3
354,4,2,5,1,3
355,4,2,5,1,3
356,4,2,5,1,3
357,4,2,5,1,3
358,4,2,5,1,3
359,4,2,5,1,3
360,4,2,5,1,3
361,4,2,5,1,3
362,4,2,5,1,3
363,4,2,5,1,3
364,4,2,5,1,3
365,4,2,5,1,3
366,4,2,5,1,3
367,4,2,5,1,3
368,4,2,5,1,3
369,4,2,5,1,3
370,4,2,5,1,3
371,4,2,5,1,3
372,4,2,5,1,3
373,4,2,5,1,3
374,4,2,5,1,3
375,4,2,5,1,3
376,4,2,5,1,3
377,4,2,5,1,3
378,4,2,5,1,3
379,4,2,5,1,3
380,4,2,5,1,3
381,4,2,5,1,3
382,4,2,5,1,3
383,4,2,5,1,3
384,4,2,5,1,3
385,4,2,5,1,3
386,4,2,5,1,3
387,4,2,5,1,3
388,4,2,5,1,3
389,4,2,5,1,3
390,4,2,5,1,3
391,4,2,5,1,3
392,4,2,5,1,3
393,4,2,5,1,3
394,4,2,5,1,3
395,4,2,5,1,3
396,4,2,5,1,3
397,4,2,5,1,3
398,4,2,5,1,3
399,4,2,5,1,3
400,4,2,5,1,3
401,4,2,5,1,3
402,4,2,5,1,3
403,4,2,5,1,3
404,4,2,5,1,3
405,4,2,5,1,3
406,4,2,5,1,3
407,4,2,5,1,3
408,4,2,5,1,3
409,4,2,5,1,3
410,4,2,5,1,3
411,4,2,5,1,3
412,4,2,5,1,3
413,4,2,5,1,3
414,4,2,5,1,3
415,4,2,5,1,3
416,4,2,5,1,3
417,4,2,5,1,3
418,4,2,5,1,3
419,4,2,5,1,3
420,4,2,5,1,3
421,4,2,5,1,3
422,4,2,5,1,3
423,4,2,5,1,3
424,4,2,5,1,3
425,4,2,5,1,3
426,4,2,5,1,3
427,4,2,5,1,3
428,4,2,5,1,3
429,4,2,5,1,3
430,4,2,5,1,3
431,4,2,5,1,3
432,4,2,5,1,3
433,4,2,5,1,3
434,4,2,5,1,3
435,4,2,5,1,3
436,4,2,5,1,3
437,4,2,5,1,3
438,4,2,5,1,3
439,4,2,5,1,3
440,4,2,5,1,3
441,4,2,5,1,3
442,4,2,5,1,3
443,4,2,5,1,3
444,4,2,5,1,3
445,4,2,5,1,3
446,4,2,5,1,3
447,4,2,5,1,3
448,4,2,1,5,3
449,4,2,1,5,3
450,4,2,1,5,3
451,4,2,1,5,3
452,4,2,1,5,3
453,4,2,1,5,3
454,4,2,1,5,3
455,4,2,1,5,3
456,4,2,1,5,3
457,4,2,1,5,3
458,4,2,1,5,3
459,4,2,1,5,3
460,4,2,1,5,3
461,4,2,1,5,3
462,4,2,1,5,3
463,4,2,1,5,3
464,4,2,1,5,3
465,4,2,1,5,3
466,4,2,1,5,3
467,4,2,1,5,3
468,4,2,1,5,3
469,4,2,1,5,3
470,4,2,1,5,3
471,4,2,1,5,3
472,4,2,1,5,3
473,4,2,1,5,3
474,4,2,1,5,3
475,4,2,1,5,3
476,4,2,1,5,3
477,4,2,1,5,3
478,4,2,1,5,3
479,4,2,1,5,3
480,4,2,1,5,3
481,4,2,1,5,3
482,4,2,1,5,3
483,4,2,1,5,3
484,4,2,1,5,3
485,4,2,1,5,3
486,4,2,1,5,3
487,4,2,1,5,3
488,4,2,1,5,3
489,4,2,1,5,3
490,3,2,1,5,4
491,3,2,1,5,4
492,3,2,4,5,1
493,4,2,3,5,1
494,4,2,3,5,1
495,4,2,3,5,1
496,4,2,3,5,1
497,4,2,3,5,1
498,4,2,3,5,1
499,4,2,3,5,1
500,4,2,3,5,1
501,4,2,3,5,1
502,4,2,3,5,1
503,4,2,3,5,1
504,4,2,3,5,1
505,4,2,3,5,1
506,4,2,3,5,1
507,4,2,3,5,1
508,4,2,3,5,1
509,4,2,3,5,1
510,4,2,3,5,1
511,4,2,3,5,1
512,4,2,3,5,1
513,4,2,3,5,1
514,4,2,3,5,1
515,4,2,3,5,1
516,4,2,3,5,1
517,4,2,3,5,1
518,4,2,3,5,1
519,4,2,3,5,1
520,4,2,3,5,1
521,4,2,3,5,1
522,4,2,3,5,1
523,4,2,3,5,1
524,4,2,3,5,1
525,4,2,3,5,1
526,4,2,3,5,1
527,4,2,3,5,1
528,4,2,3,5,1
529,4,2,1,5,3
530,4,2,1,5,3
531,4,2,1,5,3
532,4,2,1,5,3
533,4,2,1,5,3
534,4,2,1,5,3
535,4,2,1,5,3
536,4,2,1,5,3
537,4,2,1,5,3
538,4,2,1,5,3
539,4,2,1,5,3
540,4,2,1,5,3
541,4,2,1,5,3
542,4,2,1,5,3
543,4,2,1,5,3
544,4,2,1,5,3
545,4,2,1,5,3
546,4,2,1,5,3
547,4,2,1,5,3
548,4,2,1,5,3
549,4,2,1,5,3
550,4,2,1,5,3
551,4,2,1,5,3
552,4,2,1,5,3
553,4,2,1,5,3
554,4,2,1,5,3
555,4,2,1,5,3
556,4,2,1,5,3
557,4,2,1,5,3
558,4,2,1,5,3
559,4,2,1,5,3
560,4,2,1,5,3
561,4,2,1,5,3
562,4,2,1,5,3
563,4,2,1,5,3
564,4,2,1,5,3
565,4,2,1,5,3
566,4,2,1,5,3
567,4,2,1,5,3
568,4,2,1,5,3
569,4,2,1,5,3
570,4,2,1,5,3
571,4,2,1,5,3
572,4,2,1,5,3
573,4,2,1,5,3
574,4,2,1,5,3
575,4,2,1,5,3
576,4,2,1,5,3
577,4,2,1,5,3
578,4,2,1,5,3
579,4,2,1,5,3
580,4,2,1,5,3
581,4,2,1,5,3
582,4,2,1,5,3
583,4,2,1,5,3
584,4,2,1,5,3
585,4,2,1,5,3
586,4,2,1,5,3
587,4,2,1,5,3
588,4,2,1,5,3
589,4,2,1,5,3
590,4,2,1,5,3
591,4,2,1,5,3
592,4,2,1,5,3
593,4,2,1,5,3
594,4,2,1,5,3
595,4,2,1,5,3
596,4,2,1,5,3
597,4,2,1,5,3
598,4,2,1,5,3
599,4,2,1,5,3
600,4,2,1,5,3
601,4,2,1,5,3
602,4,2,1,5,3
603,4,2,1,5,3
604,4,2,1,5,3
605,4,2,1,5,3
606,4,2,1,5,3
607,4,2,1,5,3
608,4,2,1,5,3
609,4,2,1,5,3
610,4,2,1,5,3
611,4,2,1,5,3
612,4,2,1,5,3
613,4,2,1,5,3
614,4,2,1,5,3
615,4,2,1,5,3
616,4,2,1,5,3
617,4,2,1,5,3
618,4,2,1,5,3
619,4,2,1,5,3
620,4,2,1,5,3
621,4,2,1,5,3
622,4,2,1,5,3
623,4,2,1,5,3
624,4,2,1,5,3
625,4,2,1,5,3
626,4,2,1,5,3
627,4,2,1,5,3
628,4,2,1,5,3
629,4,2,1,5,3
630,4,2,1,5,3
631,4,2,1,5,3
632,4,2,1,5,3
633,4,2,1,5,3
634,4,2,1,5,3
635,4,2,1,5,3
636,4,2,1,5,3
637,4,2,1,5,3
638,4,2,1,5,3
639,4,2,1,5,3
640,4,2,1,5,3
641,4,2,1,5,3
642,4,2,1,5,3
643,4,2,1,5,3
644,4,2,1,5,3
645,4,2,1,5,3
646,4,2,1,5,3
647,4,2,1,5,3
648,4,2,1,5,3
649,4,2,1,5,3
650,4,2,1,5,3
651,4,2,1,5,3
652,4,2,1,5,3
653,4,2,1,5,3
654,4,2,1,5,3
655,4,2,1,5,3
656,4,2,1,5,3
657,4,2,1,5,3
658,4,2,1,5,3
659,4,2,1,5,3
660,4,2,1,5,3
661,4,2,1,5,3
662,4,2,1,5,3
663,4,2,1,5,3
664,4,2,1,5,3
665,4,2,1,5,3
666,4,2,1,5,3
667,4,2,1,5,3
668,4,2,1,5,3
669,4,2,1,5,3
670,4,2,1,5,3
671,4,2,1,5,3
672,4,2,1,5,3
673,4,2,1,5,3
674,4,2,1,5,3
675,1,2,4,5,3
676,3,2,4,5,1
677,3,2,4,5,1
678,3,2,4,5,1
679,3,2,4,5,1
680,3,2,4,5,1
681,3,2,4,5,1
682,3,2,4,5,1
683,3,2,4,5,1
684,3,2,4,5,1
685,3,2,4,5,1
686,3,2,4,5,1
687,3,2,4,5,1
688,3,2,4,5,1
689,3,2,4,5,1
690,3,2,4,5,1
691,3,2,4,5,1
692,3,2,4,5,1
693,3,2,4,5,1
694,3,2,4,5,1
695,3,2,4,5,1
696,3,2,4,5,1
697,3,2,4,5,1
698,3,2,4,5,1
699,3,2,4,5,1
700,3,2,4,5,1
701,3,2,4,5,1
702,3,2,4,5,1
703,3,2,4,5,1
704,3,2,4,5,1
705,3,2,4,5,1
706,3,2,4,5,1
707,3,2,4,5,1
708,3,2,4,5,1
709,3,2,4,5,1
710,3,2,4,5,1
711,3,2,4,5,1
712,3,2,4,5,1
713,3,2,4,5,1
714,3,2,4,5,1
715,3,2,4,5,1
716,3,2,4,5,1
717,3,2,4,5,1
718,3,2,4,5,1
719,3,2,4,5,1
720,3,2,4,5,1
721,3,2,4,5,1
722,3,2,4,5,1
723,3,2,4,5,1
724,3,2,4,5,1
725,3,2,4,5,1
726,3,2,4,5,1
727,3,2,4,5,1
728,3,2,4,5,1
729,3,2,4,5,1
730,3,2,4,5,1
731,3,2,4,5,1
732,3,2,4,5,1
733,3,2,4,5,1
734,3,2,4,5,1
735,3,2,4,5,1
736,3,2,4,5,1
737,3,2,4,5,1
738,3,2,4,5,1
739,3,2,4,5,1
740,3,2,4,5,1
741,3,2,4,5,1
742,3,2,4,5,1
743,3,2,4,5,1
744,3,2,4,5,1
745,3,2,4,5,1
746,3,2,4,5,1
747,3,2,4,5,1
748,3,2,4,5,1
749,3,2,4,5,1
750,3,2,4,5,1
751,3,2,4,5,1
752,3,2,4,5,1
753,3,2,4,5,1
754,3,2,4,5,1
755,3,2,4,5,1
756,3,2,4,5,1
757,3,2,4,5,1
758,3,2,4,5,1
759,3,2,4,5,1
760,3,2,4,5,1
761,3,2,4,5,1
762,3,2,4,5,1
763,3,2,4,5,1
764,3,2,4,5,1
765,3,2,4,5,1
766,3,2,4,5,1
767,3,2,4,5,1
768,3,2,4,5,1
769,3,2,4,5,1
770,3,2,4,5,1
771,3,2,4,5,1
772,3,2,4,5,1
773,3,2,4,5,1
774,3,2,4,5,1
775,3,2,4,5,1
776,3,2,4,5,1
777,3,2,4,5,1
778,3,2,4,5,1
779,3,2,4,5,1
780,3,2,4,5,1
781,3,2,4,5,1
782,3,2,4,5,1
783,3,2,4,5,1
784,3,2,4,5,1
785,3,2,4,5,1
786,3,2,4,5,1
787,3,2,4,5,1
788,3,2,4,5,1
789,3,2,4,5,1
790,3,2,4,5,1
791,3,2,4,5,1
792,3,2,4,5,1
793,3,2,4,5,1
794,3,2,4,5,1
795,3,2,4,5,1
796,3,2,4,5,1
797,3,2,4,5,1
798,3,2,4,5,1
799,3,2,4,5,1
800,3,2,4,5,1
801,3,2,4,5,1
802,3,2,4,5,1
803,3,2,4,5,1
804,3,2,4,5,1
805,3,2,4,5,1
806,3,2,4,5,1
807,3,2,4,5,1
808,3,2,4,5,1
809,3,2,4,5,1
810,3,2,4,5,1
811,3,2,4,5,1
812,3,2,4,5,1
813,3,2,4,5,1
814,3,2,4,5,1
815,3,2,4,5,1
816,3,2,4,5,1
817,3,2,4,5,1
818,3,2,4,5,1
819,3,2,4,5,1
820,3,2,4,5,1
821,3,2,4,5,1
822,3,2,4,5,1
823,3,2,4,5,1
824,3,2,4,5,1
825,3,2,4,5,1
826,3,2,4,5,1
827,3,2,4,5,1
828,3,2,4,5,1
829,3,2,4,5,1
830,3,2,4,5,1
831,3,2,4,5,1
832,3,2,4,5,1
833,3,2,4,5,1
834,3,2,4,5,1
835,3,2,4,5,1
836,3,2,4,5,1
837,3,2,4,5,1
838,3,2,4,5,1
839,3,2,4,5,1
840,5,2,4,3,1
841,5,2,4,3,1
842,5,2,4,3,1
843,5,2,4,3,1
844,5,2,4,3,1
845,5,2,4,3,1
846,5,2,4,3,1
847,5,2,4,3,1
848,5,2,4,3,1
849,5,2,4,3,1
850,5,2,4,3,1
851,5,2,4,3,1
852,5,2,4,3,1
853,5,2,4,3,1
854,5,2,4,3,1
855,5,2,4,3,1
856,5,2,4,3,1
857,5,2,4,3,1
858,5,2,4,3,1
859,5,2,4,3,1
860,5,2,4,3,1
861,5,2,4,3,1
862,5,2,4,3,1
863,5,2,4,3,1
864,5,2,4,3,1
865,5,2,4,3,1
866,5,2,4,3,1
867,5,2,4,3,1
868,5,2,4,3,1
869,5,2,4,3,1
870,5,2,4,3,1
871,5,2,4,3,1
872,5,2,4,3,1
873,5,2,4,3,1
874,5,2,4,3,1
875,5,2,4,3,1
876,5,2,4,3,1
877,5,2,4,3,1
878,5,2,4,3,1
879,5,2,4,3,1
880,5,2,4,3,1
881,5,2,4,3,1
882,5,2,4,3,1
883,5,2,4,3,1
884,5,2,4,3,1
885,5,2,4,3,1
886,5,2,4,3,1
887,5,2,4,3,1
888,5,2,4,3,1
889,5,2,4,3,1
890,5,2,4,3,1
891,5,2,4,3,1
892,5,2,4,3,1
893,5,2,4,3,1
894,5,2,4,3,1
895,5,2,4,3,1
896,5,2,4,3,1
897,5,2,4,3,1
898,5,2,4,3,1
899,5,2,4,3,1
900,5,2,4,3,1
901,5,2,4,3,1
902,5,2,4,3,1
903,5,2,4,3,1
904,5,2,4,3,1
905,5,2,4,3,1
906,5,2,4,3,1
907,5,2,4,3,1
908,5,2,4,3,1
909,5,2,4,3,1
910,5,2,4,3,1
911,5,2,4,3,1
912,5,2,4,3,1
913,5,2,4,3,1
914,5,2,4,3,1
915,5,2,4,3,1
916,5,2,4,3,1
917,5,2,4,1,3
918,5,2,4,1,3
919,5,2,4,1,3
920,5,2,4,1,3
921,5,2,4,1,3
922,5,2,4,1,3
923,5,2,4,1,3
924,5,2,4,1,3
925,5,2,4,1,3
926,5,2,4,1,3
927,5,2,4,1,3
928,5,2,4,1,3
929,5,2,4,1,3
930,5,2,4,1,3
931,5,2,4,1,3
932,5,2,4,1,3
933,5,2,4,1,3
934,5,2,4,1,3
935,5,2,4,1,3
936,5,2,4,1,3
937,5,2,4,1,3
938,5,2,4,1,3
939,5,2,4,1,3
940,5,2,4,1,3
941,5,2,4,1,3
942,5,2,4,1,3
943,5,2,4,1,3
944,5,2,4,1,3
945,5,2,4,1,3
946,5,2,4,1,3
947,5,2,4,1,3
948,5,2,4,1,3
949,5,2,4,1,3
950,5,2,4,1,3
951,5,2,4,1,3
952,5,2,4,1,3
953,5,2,4,1,3
954,5,2,4,1,3
955,5,2,4,1,3
956,5,2,4,1,3
957,5,2,4,1,3
958,5,2,4,1,3
959,5,2,4,1,3
960,5,2,4,1,3
961,5,2,4,1,3
962,5,2,4,1,3
963,5,2,4,1,3
964,5,2,4,1,3
965,5,2,4,1,3
966,5,2,4,1,3
967,5,2,4,1,3
968,5,2,4,1,3
969,5,2,4,1,3
970,5,2,4,1,3
971,5,2,4,1,3
972,5,2,4,1,3
973,5,2,4,1,3
974,5,2,4,1,3
975,5,2,4,1,3
976,5,2,4,1,3
977,5,2,4,1,3
978,5,2,4,1,3
979,5,2,4,1,3
980,5,2,4,1,3
981,5,2,4,1,3
982,5,2,4,1,3
983,5,2,4,1,3
984,5,2,4,1,3
985,5,2,4,1,3
986,5,2,4,1,3
987,5,2,4,1,3
988,5,2,4,1,3
989,5,2,4,1,3
990,5,2,4,1,3
991,5,2,4,1,3
992,5,2,4,1,3
993,5,2,4,1,3
994,5,2,4,1,3
995,5,2,4,1,3
996,5,2,4,1,3
997,5,2,4,1,3
998,5,2,4,1,3
999,5,2,4,1,3
1000,5,2,4,1,3
1001,5,2,4,1,3
1002,5,2,4,1,3
1003,5,2,4,1,3
1004,5,2,4,1,3
1005,5,2,4,1,3
1006,5,2,4,1,3
1007,5,2,4,1,3
1008,5,2,4,1,3
1009,5,2,4,1,3
1010,5,2,4,1,3
1011,5,2,4,1,3
1012,5,2,4,1,3
1013,5,2,4,1,3
1014,5,2,4,1,3
1015,5,2,4,1,3
1016,5,2,4,1,3
1017,5,2,4,1,3
1018,5,2,4,1,3
1019,5,2,4,1,3
1020,5,2,4,1,3
1021,5,2,4,1,3
1022,5,2,4,1,3
1023,5,2,4,1,3
1024,5,2,4,1,3
1025,5,2,4,1,3
1026,5,2,4,1,3
1027,5,2,4,1,3
1028,5,2,4,1,3
1029,5,2,4,1,3
1030,5,2,4,1,3
1031,5,2,4,1,3
1032,5,2,4,1,3
1033,5,2,4,1,3
1034,5,2,4,1,3
1035,5,2,4,1,3
1036,5,2,4,1,3
1037,5,2,4,1,3
1038,5,2,4,1,3
1039,5,2,4,1,3
1040,5,2,4,1,3
1041,5,2,4,1,3
1042,5,2,4,1,3
1043,5,2,4,1,3
1044,5,2,4,1,3
1045,5,2,4,1,3
1046,5,2,4,1,3
1047,5,2,4,1,3
1048,5,2,4,1,3
1049,5,2,4,1,3
1050,5,2,4,1,3
1051,5,2,4,1,3
1052,5,2,4,1,3
1053,5,2,4,1,3
1054,5,2,4,1,3
1055,5,2,4,1,3
1056,5,2,4,1,3
1057,5,2,4,1,3
1058,5,2,4,1,3
1059,5,2,4,1,3
1060,5,2,4,1,3
1061,5,2,4,1,3
1062,5,2,4,1,3
1063,5,2,4,1,3
1064,5,2,4,1,3
1065,5,2,4,1,3
1066,5,2,4,1,3
1067,5,2,4,1,3
1068,5,2,4,1,3
1069,5,2,4,1,3
1070,5,2,4,1,3
1071,5,2,4,1,3
1072,5,2,4,1,3
1073,5,2,4,1,3
1074,5,2,4,1,3
1075,5,2,4,1,3
1076,5,2,4,1,3
1077,5,2,4,1,3
1078,5,2,4,1,3
1079,5,2,4,1,3
1080,5,2,4,1,3
1081,5,2,4,1,3
1082,5,2,4,1,3
1083,5,2,4,1,3
1084,5,2,4,1,3
1085,5,2,4,1,3
1086,5,2,4,1,3
1087,5,2,4,1,3
1088,5,2,4,1,3
1089,5,2,4,1,3
1090,5,2,4,1,3
1091,5,2,4,1,3
1092,5,2,4,1,3
1093,5,2,4,1,3
1094,5,2,4,1,3
1095,5,2,4,1,3
1096,5,2,4,1,3
1097,5,2,4,1,3
1098,5,2,4,1,3
1099,5,2,4,1,3
1100,5,2,4,1,3
1101,5,2,4,1,3
1102,5,2,4,1,3
1103,5,2,4,1,3
1104,5,2,4,1,3
1105,5,2,4,1,3
1106,5,2,4,1,3
1107,5,2,4,1,3
1108,5,2,4,1,3
1109,5,2,4,1,3
1110,5,2,4,1,3
1111,5,2,4,1,3
1112,5,2,4,1,3
1113,5,2,4,1,3
1114,5,2,4,1,3
1115,5,2,4,1,3
1116,5,2,4,1,3
1117,5,2,4,1,3
1118,5,2,4,1,3
1119,5,2,4,1,3
1120,5,2,4,1,3
1121,5,2,4,1,3
1122,5,2,4,1,3
1123,5,2,4,1,3
1124,5,2,4,1,3
1125,5,2,4,1,3
1126,5,2,4,1,3
1127,5,2,4,1,3
1128,5,2,4,1,3
1129,5,2,4,1,3
1130,5,2,4,1,3
1131,5,2,4,1,3
1132,5,2,4,1,3
1133,5,2,4,1,3
1134,5,2,4,1,3
1135,5,2,4,1,3
1136,5,2,4,1,3
1137,5,2,4,1,3
1138,5,2,4,1,3
1139,5,2,4,1,3
1140,5,2,4,1,3
1141,5,2,4,1,3
1142,5,2,4,1,3
1143,5,2,4,1,3
1144,5,2,4,1,3
1145,5,2,4,1,3
1146,5,2,4,1,3
1147,5,2,4,1,3
1148,5,2,4,1,3
1149,5,2,4,1,3
1150,5,2,4,1,3
1151,5,2,4,1,3
1152,5,2,4,1,3
1153,5,2,4,1,3
1154,5,2,4,1,3
1155,5,2,4,1,3
1156,5,2,4,1,3
1157,5,2,4,1,3
1158,5,2,4,1,3
1159,5,2,4,1,3
1160,5,2,4,1,3
1161,5,2,4,1,3
1162,5,2,4,1,3
1163,5,1,4,2,3
1164,5,1,4,2,3
1165,5,1,4,2,3
1166,5,1,4,2,3
1167,5,1,4,2,3
1168,5,1,4,2,3
1169,5,1,4,2,3
1170,5,1,4,2,3
1171,5,1,4,2,3
1172,5,1,4,2,3
1173,5,1,4,2,3
1174,5,1,4,2,3
1175,5,1,4,2,3
1176,5,1,4,2,3
1177,5,1,4,2,3
1178,5,1,4,2,3
1179,5,1,4,2,3
1180,5,1,4,2,3
1181,5,1,4,2,3
1182,5,1,4,2,3
1183,5,1,4,2,3
1184,5,1,4,2,3
1185,5,1,4,2,3
1186,5,1,4,2,3
1187,5,1,4,2,3
1188,5,1,4,2,3
1189,5,1,4,2,3
1190,5,1,4,2,3
1191,5,1,4,2,3
1192,5,1,4,2,3
1193,5,1,4,2,3
1194,5,1,4,2,3
1195,5,1,4,2,3
1196,5,1,4,2,3
1197,5,1,4,2,3
1198,5,1,4,2,3
1199,5,1,4,2,3
1200,5,1,4,2,3
1201,5,1,4,2,3
1202,5,1,4,2,3
1203,5,1,4,2,3
1204,5,1,4,2,3
1205,5,1,4,2,3
1206,5,1,4,2,3
1207,5,1,4,2,3
1208,5,1,4,2,3
1209,5,1,4,2,3
1210,5,1,4,2,3
1211,5,1,4,2,3
1212,5,1,4,2,3
1213,5,1,4,2,3
1214,5,2,4,1,3
1215,5,2,4,1,3
1216,5,2,4,1,3
1217,5,2,4,1,3
1218,5,2,4,1,3
1219,5,2,4,1,3
1220,5,2,4,1,3
1221,5,2,4,1,3
1222,5,2,4,1,3
1223,5,2,4,1,3
1224,5,2,4,1,3
1225,5,2,4,1,3
1226,5,2,4,1,3
1227,5,2,4,1,3
1228,5,2,4,1,3
1229,5,2,4,1,3
1230,5,2,4,1,3
1231,5,2,4,1,3
1232,5,2,4,1,3
1233,5,2,4,1,3
1234,5,2,4,1,3
1235,5,2,4,1,3
1236,5,2,4,1,3
1237,5,2,4,1,3
1238,5,2,4,1,3
1239,5,2,4,1,3
1240,5,2,4,1,3
1241,5,2,4,1,3
1242,5,2,4,1,3
1243,5,2,4,1,3
1244,5,2,4,1,3
1245,5,2,4,1,3
1246,5,2,4,1,3
1247,5,2,4,1,3
1248,5,2,4,1,3
1249,5,2,4,1,3
1250,5,2,4,1,3
1251,5,2,4,1,3
1252,5,2,4,1,3
1253,5,2,4,1,3
1254,5,2,4,1,3
1255,5,2,4,1,3
1256,5,2,4,1,3
1257,5,2,4,1,3
1258,5,2,4,1,3
1259,5,2,4,1,3
1260,5,2,4,1,3
1261,5,2,4,1,3
1262,5,2,4,1,3
1263,5,2,4,1,3
1264,5,2,4,1,3
1265,5,2,4,1,3
1266,5,2,4,1,3
1267,5,2,4,1,3
1268,5,2,4,1,3
1269,5,2,4,1,3
1270,5,2,4,1,3
1271,5,2,4,1,3
1272,5,2,4,1,3
1273,5,2,4,1,3
1274,5,2,4,1,3
1275,5,2,4,1,3
1276,5,2,4,1,3
1277,5,2,4,1,3
1278,5,2,4,1,3
1279,5,2,4,1,3
1280,5,2,4,1,3
1281,5,2,4,1,3
1282,5,2,4,1,3
1283,5,2,4,1,3
1284,5,2,4,1,3
1285,5,2,4,1,3
1286,5,2,4,1,3
1287,5,2,4,1,3
1288,5,2,4,1,3
1289,5,2,4,1,3
1290,5,2,4,1,3
1291,5,2,4,1,3
1292,5,2,4,1,3
1293,5,2,4,1,3
1294,5,2,4,1,3
1295,5,2,4,1,3
1296,5,2,4,1,3
1297,5,2,4,1,3
1298,5,2,4,1,3
1299,5,2,4,1,3
1300,5,2,4,1,3
1301,5,2,4,1,3
1302,5,2,4,1,3
1303,5,2,4,1,3
1304,5,2,4,1,3
1305,5,2,4,1,3
1306,5,2,4,1,3
1307,5,2,4,1,3
1308,5,2,4,1,3
1309,5,2,4,1,3
1310,5,2,4,1,3
1311,5,2,4,1,3
1312,5,2,4,1,3
1313,5,2,4,1,3
1314,5,2,4,1,3
1315,5,2,4,1,3
1316,5,2,4,1,3
1317,5,2,4,1,3
1318,5,2,4,1,3
1319,5,2,4,1,3
1320,5,2,4,1,3
1321,5,2,4,1,3
1322,5,2,4,1,3
1323,5,2,4,1,3
1324,5,2,4,1,3
1325,5,2,4,1,3
1326,5,2,4,1,3
1327,5,2,4,1,3
1328,5,2,4,1,3
1329,5,2,4,1,3
1330,5,2,4,1,3
1331,5,2,4,1,3
1332,5,2,4,1,3
1333,5,2,4,1,3
1334,5,2,4,1,3
1335,5,2,4,1,3
1336,5,2,4,1,3
1337,5,2,4,1,3
1338,5,2,4,1,3
1339,5,2,4,1,3
1340,5,2,4,1,3
1341,5,2,4,1,3
1342,5,2,4,1,3
1343,5,2,4,1,3
1344,5,2,4,1,3
1345,5,2,4,1,3
1346,5,2,4,1,3
1347,5,2,4,1,3
1348,5,2,4,1,3
1349,5,2,4,1,3
1350,5,2,4,1,3
1351,5,2,4,1,3
1352,5,2,4,1,3
1353,5,2,4,1,3
1354,5,2,4,1,3
1355,5,2,4,1,3
1356,5,2,4,1,3
1357,5,2,4,1,3
1358,5,2,4,1,3
1359,5,2,4,1,3
1360,5,2,4,1,3
1361,5,2,4,1,3
1362,5,2,4,1,3
1363,5,2,4,1,3
1364,5,2,4,1,3
1365,5,2,4,1,3
1366,5,2,4,1,3
1367,5,2,4,1,3
1368,5,2,4,1,3
1369,5,2,4,1,3
1370,5,2,4,1,3
1371,5,2,4,1,3
1372,5,2,4,1,3
1373,5,2,4,1,3
1374,5,2,4,1,3
1375,5,2,4,1,3
1376,5,2,4,1,3
1377,5,2,4,1,3
1378,5,2,4,1,3
1379,5,2,4,1,3
1380,5,2,4,1,3
1381,5,2,4,1,3
1382,5,2,4,1,3
1383,5,2,4,1,3
1384,5,2,4,1,3
1385,5,2,4,1,3
1386,5,2,4,1,3
1387,5,2,4,1,3
1388,5,2,4,1,3
1389,5,2,4,1,3
1390,5,2,4,1,3
1391,5,2,4,1,3
1392,5,2,4,1,3
1393,5,2,4,1,3
1394,5,2,4,1,3
1395,5,2,4,1,3
1396,5,2,4,1,3
1397,5,2,4,1,3
1398,5,2,4,1,3
1399,5,2,4,1,3
1400,5,2,4,1,3
1401,5,2,4,1,3
1402,5,2,4,1,3
1403,5,2,4,1,3
1404,5,2,4,1,3
1405,5,2,4,1,3
1406,5,2,4,1,3
1407,5,2,4,1,3
1408,5,2,4,1,3
1409,5,2,4,1,3
1410,5,2,4,1,3
1411,5,2,4,1,3
1412,5,2,4,1,3
1413,5,2,4,1,3
1414,5,2,4,1,3
1415,5,2,4,1,3
1416,5,2,4,1,3
1417,5,2,4,1,3
1418,5,2,4,1,3
1419,5,2,4,1,3
1420,5,2,4,1,3
1421,5,2,4,1,3
1422,5,2,4,1,3
1423,5,2,4,1,3
1424,5,1,4,2,3
1425,5,1,4,2,3
1426,5,1,4,2,3
1427,5,1,4,2,3
1428,5,1,4,2,3
1429,5,1,4,2,3
1430,5,1,4,2,3
1431,5,1,4,2,3
1432,5,1,4,2,3
1433,5,1,4,2,3
1434,5,1,4,2,3
1435,5,1,4,2,3
1436,5,1,4,2,3
1437,5,1,4,2,3
1438,5,1,4,2,3
1439,5,1,4,2,3
1440,5,1,4,2,3
1441,5,1,4,2,3
1442,5,1,4,2,3
1443,5,1,4,2,3
1444,5,1,4,2,3
1445,5,1,4,2,3
1446,5,1,4,2,3
1447,5,1,4,2,3
1448,5,1,4,2,3
1449,5,1,4,2,3
1450,5,1,4,2,3
1451,5,1,4,2,3
1452,5,1,4,2,3
1453,5,1,4,2,3
1454,5,1,4,2,3
1455,5,1,4,2,3
1456,5,1,4,2,3
1457,5,1,4,2,3
1458,5,1,4,2,3
1459,5,1,4,2,3
1460,5,1,4,2,3
1461,5,1,4,2,3
1462,5,1,4,2,3
1463,5,1,4,2,3
1464,5,1,4,2,3
1465,5,1,4,2,3
1466,5,1,4,2,3
1467,5,1,4,2,3
1468,5,1,4,2,3
1469,5,1,4,2,3
1470,5,1,4,2,3
1471,5,1,4,2,3
1472,5,1,4,2,3
1473,5,1,4,2,3
1474,5,1,4,2,3
1475,5,1,4,2,3
1476,5,1,4,2,3
1477,5,1,4,2,3
1478,5,1,4,2,3
1479,5,1,4,2,3
1480,5,1,4,2,3
1481,5,1,4,2,3
1482,5,1,4,2,3
1483,5,1,4,2,3
1484,5,1,4,2,3
1485,5,1,4,2,3
1486,5,1,4,2,3
1487,5,1,4,2,3
1488,5,1,4,2,3
1489,5,1,4,2,3
1490,5,1,4,2,3
1491,5,1,4,2,3
1492,5,1,4,2,3
1493,5,1,4,2,3
1494,5,1,4,2,3
1495,5,1,4,2,3
1496,5,1,4,2,3
1497,5,1,4,2,3
1498,5,1,4,2,3
1499,5,1,4,2,3
1500,5,1,4,2,3
