iteration,all_current_accepted_likelihoods
1,-1378.5885714212206
2,-1292.9423733355652
3,-1280.7172064606773
4,-1268.1988647681806
5,-1266.7616637456922
6,-1266.7616637456922
7,-1266.7616637456922
8,-1266.7616637456922
9,-1266.7616637456922
10,-1266.7616637456922
11,-1266.7616637456922
12,-1266.7616637456922
13,-1266.7616637456922
14,-1266.7616637456922
15,-1266.7616637456922
16,-1266.7616637456922
17,-1266.7616637456922
18,-1266.6060546133456
19,-1266.7053437600746
20,-1266.9638491110059
21,-1267.0484009285506
22,-1267.8482601377302
23,-1267.1122987812616
24,-1266.738411670247
25,-1266.7413151479402
26,-1266.7413151479402
27,-1266.7413151479402
28,-1266.7413151479402
29,-1266.7413151479402
30,-1266.7413151479402
31,-1266.7413151479402
32,-1266.7413151479402
33,-1266.7413151479402
34,-1266.7413151479402
35,-1266.7413151479402
36,-1266.8781930046243
37,-1266.8781930046243
38,-1267.6868647397102
39,-1267.6868647397102
40,-1267.6868647397102
41,-1267.6868647397102
42,-1267.6868647397102
43,-1268.3937920409414
44,-1268.3937920409414
45,-1268.3937920409414
46,-1268.3937920409414
47,-1268.3937920409414
48,-1268.3937920409414
49,-1268.3937920409414
50,-1268.3937920409414
51,-1268.2713074757157
52,-1268.6248467589762
53,-1267.5372170394494
54,-1267.5372170394494
55,-1267.5372170394494
56,-1267.5372170394494
57,-1267.5372170394494
58,-1267.5372170394494
59,-1267.5372170394494
60,-1267.5372170394494
61,-1267.5372170394494
62,-1268.3148086886986
63,-1267.9380842940136
64,-1268.1744411106158
65,-1260.7426585119417
66,-1256.997358132248
67,-1256.997358132248
68,-1255.20999247692
69,-1255.20999247692
70,-1255.20999247692
71,-1255.20999247692
72,-1255.20999247692
73,-1255.20999247692
74,-1255.20999247692
75,-1255.20999247692
76,-1242.3084417221235
77,-1242.3084417221235
78,-1242.3084417221235
79,-1242.3084417221235
80,-1242.3084417221235
81,-1242.3084417221235
82,-1236.2217151182133
83,-1234.370333418105
84,-1233.947346362063
85,-1233.947346362063
86,-1233.947346362063
87,-1233.947346362063
88,-1233.947346362063
89,-1233.947346362063
90,-1233.947346362063
91,-1233.947346362063
92,-1233.947346362063
93,-1233.947346362063
94,-1233.947346362063
95,-1233.947346362063
96,-1233.947346362063
97,-1233.947346362063
98,-1234.119413934211
99,-1234.119413934211
100,-1236.6591257024868
101,-1234.9200326293956
102,-1234.1222055194362
103,-1234.9007014725391
104,-1234.9007014725391
105,-1234.9007014725391
106,-1234.9007014725391
107,-1234.9007014725391
108,-1238.429316941963
109,-1237.3215511774163
110,-1234.497247240599
111,-1234.497247240599
112,-1234.497247240599
113,-1234.497247240599
114,-1234.497247240599
115,-1234.497247240599
116,-1234.497247240599
117,-1234.497247240599
118,-1234.497247240599
119,-1235.4956570037386
120,-1235.4956570037386
121,-1235.4956570037386
122,-1235.4956570037386
123,-1235.4956570037386
124,-1235.4956570037386
125,-1235.4956570037386
126,-1235.4956570037386
127,-1235.4956570037386
128,-1235.4956570037386
129,-1235.4956570037386
130,-1235.4956570037386
131,-1234.5253967942099
132,-1234.5253967942099
133,-1234.1973377024497
134,-1234.1973377024497
135,-1234.1973377024497
136,-1234.1973377024497
137,-1234.1973377024497
138,-1234.1973377024497
139,-1234.1973377024497
140,-1234.1973377024497
141,-1234.1973377024497
142,-1234.1973377024497
143,-1234.1973377024497
144,-1234.1973377024497
145,-1234.1973377024497
146,-1234.1973377024497
147,-1234.1973377024497
148,-1234.1973377024497
149,-1234.1973377024497
150,-1234.1973377024497
151,-1234.1973377024497
152,-1234.1973377024497
153,-1234.1973377024497
154,-1234.1973377024497
155,-1234.1973377024497
156,-1234.1973377024497
157,-1234.1973377024497
158,-1234.1973377024497
159,-1234.1973377024497
160,-1234.1973377024497
161,-1234.1973377024497
162,-1234.1973377024497
163,-1234.1973377024497
164,-1234.1973377024497
165,-1234.1973377024497
166,-1236.2335957920673
167,-1234.615404258677
168,-1234.615404258677
169,-1234.615404258677
170,-1234.615404258677
171,-1234.615404258677
172,-1234.615404258677
173,-1234.615404258677
174,-1234.615404258677
175,-1234.615404258677
176,-1234.615404258677
177,-1234.615404258677
178,-1234.615404258677
179,-1234.615404258677
180,-1234.615404258677
181,-1234.615404258677
182,-1234.615404258677
183,-1234.615404258677
184,-1234.615404258677
185,-1234.615404258677
186,-1234.615404258677
187,-1234.615404258677
188,-1234.615404258677
189,-1234.615404258677
190,-1234.7665489190676
191,-1234.2702863957961
192,-1234.2702863957961
193,-1234.2702863957961
194,-1234.8416580205705
195,-1234.8416580205705
196,-1234.8416580205705
197,-1234.8416580205705
198,-1234.8416580205705
199,-1234.8416580205705
200,-1234.8416580205705
201,-1234.8416580205705
202,-1234.8416580205705
203,-1234.8416580205705
204,-1234.8416580205705
205,-1234.8416580205705
206,-1235.6874842051138
207,-1235.946000618298
208,-1235.946000618298
209,-1237.6371560010175
210,-1237.6371560010175
211,-1237.6371560010175
212,-1237.6371560010175
213,-1237.6371560010175
214,-1237.6371560010175
215,-1237.6371560010175
216,-1237.6371560010175
217,-1235.6596553312168
218,-1235.6596553312168
219,-1235.6596553312168
220,-1235.3564676801138
221,-1234.2460037603003
222,-1234.3908550718904
223,-1234.3908550718904
224,-1234.3908550718904
225,-1234.3908550718904
226,-1236.721169143045
227,-1236.931399988557
228,-1236.931399988557
229,-1236.931399988557
230,-1236.931399988557
231,-1236.931399988557
232,-1234.840186724314
233,-1234.840186724314
234,-1234.840186724314
235,-1234.840186724314
236,-1234.840186724314
237,-1234.6204291938282
238,-1234.6204291938282
239,-1234.6204291938282
240,-1234.6204291938282
241,-1234.0010180348697
242,-1234.0010180348697
243,-1234.0010180348697
244,-1234.0010180348697
245,-1234.0010180348697
246,-1234.0010180348697
247,-1234.0010180348697
248,-1234.0010180348697
249,-1234.0010180348697
250,-1234.0010180348697
251,-1234.0010180348697
252,-1234.0010180348697
253,-1234.0010180348697
254,-1234.0010180348697
255,-1234.0010180348697
256,-1234.0010180348697
257,-1234.0010180348697
258,-1234.0010180348697
259,-1234.0010180348697
260,-1234.0010180348697
261,-1234.0010180348697
262,-1234.0010180348697
263,-1234.0010180348697
264,-1234.0010180348697
265,-1234.0010180348697
266,-1234.0010180348697
267,-1234.0010180348697
268,-1234.0010180348697
269,-1234.0010180348697
270,-1234.1997133126151
271,-1234.1997133126151
272,-1234.1997133126151
273,-1234.1997133126151
274,-1234.1997133126151
275,-1234.1997133126151
276,-1234.1997133126151
277,-1234.1997133126151
278,-1234.1997133126151
279,-1234.8290546627106
280,-1234.5950666520546
281,-1234.5950666520546
282,-1234.5950666520546
283,-1234.5950666520546
284,-1235.283302061769
285,-1235.0093870263331
286,-1235.379163458908
287,-1235.379163458908
288,-1235.379163458908
289,-1235.379163458908
290,-1235.379163458908
291,-1235.379163458908
292,-1235.379163458908
293,-1235.379163458908
294,-1235.379163458908
295,-1235.379163458908
296,-1235.379163458908
297,-1235.379163458908
298,-1235.379163458908
299,-1235.379163458908
300,-1236.2123775450038
301,-1235.9913536590475
302,-1235.733632238798
303,-1235.733632238798
304,-1235.733632238798
305,-1235.733632238798
306,-1235.733632238798
307,-1235.733632238798
308,-1235.733632238798
309,-1235.733632238798
310,-1234.5141018791116
311,-1234.5141018791116
312,-1234.5141018791116
313,-1234.5141018791116
314,-1234.5141018791116
315,-1234.5141018791116
316,-1234.5141018791116
317,-1234.5141018791116
318,-1234.5141018791116
319,-1234.5141018791116
320,-1236.324034693742
321,-1236.324034693742
322,-1236.324034693742
323,-1236.324034693742
324,-1236.1670064659454
325,-1235.7995868295598
326,-1235.7995868295598
327,-1235.7995868295598
328,-1236.3543244328505
329,-1236.0453122411195
330,-1236.0453122411195
331,-1236.0453122411195
332,-1236.0453122411195
333,-1236.0453122411195
334,-1236.0453122411195
335,-1236.0453122411195
336,-1236.0453122411195
337,-1236.0453122411195
338,-1236.0633359636054
339,-1236.0633359636054
340,-1236.0633359636054
341,-1236.0633359636054
342,-1236.0633359636054
343,-1236.0633359636054
344,-1236.2574100039226
345,-1236.4236345483612
346,-1236.0887230571404
347,-1235.727131220587
348,-1234.1953745551982
349,-1234.1953745551982
350,-1234.1953745551982
351,-1234.1953745551982
352,-1234.1953745551982
353,-1234.1953745551982
354,-1234.1953745551982
355,-1234.1953745551982
356,-1234.1953745551982
357,-1234.1953745551982
358,-1234.1953745551982
359,-1234.1953745551982
360,-1235.7147974298102
361,-1234.5501675669
362,-1234.3444949788902
363,-1234.09144164251
364,-1234.3095676346886
365,-1233.9759068298324
366,-1233.9759068298324
367,-1233.9759068298324
368,-1233.9759068298324
369,-1233.9759068298324
370,-1233.9759068298324
371,-1233.9759068298324
372,-1233.9759068298324
373,-1233.9759068298324
374,-1233.9759068298324
375,-1234.4777453200043
376,-1234.5205016265802
377,-1234.9939640187513
378,-1234.9939640187513
379,-1234.9939640187513
380,-1234.9939640187513
381,-1234.9939640187513
382,-1234.9939640187513
383,-1235.740774280712
384,-1235.740774280712
385,-1235.639796205998
386,-1235.4736164615204
387,-1235.4736164615204
388,-1235.4736164615204
389,-1235.4736164615204
390,-1236.0748785256012
391,-1235.007578028255
392,-1234.4786584358076
393,-1234.4786584358076
394,-1234.4786584358076
395,-1234.4786584358076
396,-1234.4786584358076
397,-1234.2356761066642
398,-1234.5031155217832
399,-1234.8345589338587
400,-1234.8345589338587
401,-1234.8345589338587
402,-1234.8345589338587
403,-1234.8345589338587
404,-1234.8345589338587
405,-1234.8345589338587
406,-1234.8345589338587
407,-1234.8345589338587
408,-1234.8345589338587
409,-1234.8345589338587
410,-1234.8345589338587
411,-1234.8345589338587
412,-1234.8345589338587
413,-1234.8345589338587
414,-1234.8345589338587
415,-1236.258993912215
416,-1235.2533753889934
417,-1235.2533753889934
418,-1235.2533753889934
419,-1235.2533753889934
420,-1235.2533753889934
421,-1235.2533753889934
422,-1235.2533753889934
423,-1235.2533753889934
424,-1235.2533753889934
425,-1235.2533753889934
426,-1234.8402780183617
427,-1234.7706472134157
428,-1234.1552174634862
429,-1234.1552174634862
430,-1234.1552174634862
431,-1234.1552174634862
432,-1234.1552174634862
433,-1234.1552174634862
434,-1234.1552174634862
435,-1234.282117235032
436,-1234.282117235032
437,-1234.282117235032
438,-1234.282117235032
439,-1234.282117235032
440,-1234.282117235032
441,-1234.282117235032
442,-1234.282117235032
443,-1234.282117235032
444,-1234.282117235032
445,-1234.282117235032
446,-1234.282117235032
447,-1234.282117235032
448,-1234.282117235032
449,-1234.282117235032
450,-1234.282117235032
451,-1235.0487472465393
452,-1234.9223264113177
453,-1234.2363166996317
454,-1234.2726971518762
455,-1234.2726971518762
456,-1234.2726971518762
457,-1234.2726971518762
458,-1234.2726971518762
459,-1234.2726971518762
460,-1234.2726971518762
461,-1234.2726971518762
462,-1234.9362421458068
463,-1234.9362421458068
464,-1235.35450363617
465,-1235.1370994158508
466,-1234.6409804618722
467,-1234.790747328074
468,-1234.790747328074
469,-1234.790747328074
470,-1234.2762507607215
471,-1234.007504766503
472,-1234.007504766503
473,-1234.0374627193012
474,-1234.0374627193012
475,-1234.0374627193012
476,-1234.3809281126212
477,-1234.3809281126212
478,-1234.3809281126212
479,-1234.3809281126212
480,-1234.3809281126212
481,-1234.3809281126212
482,-1234.3809281126212
483,-1234.3809281126212
484,-1234.3809281126212
485,-1234.3809281126212
486,-1234.3809281126212
487,-1234.3809281126212
488,-1237.0068562012002
489,-1237.0068562012002
490,-1235.7658695139319
491,-1233.8416972468253
492,-1233.8416972468253
493,-1233.8416972468253
494,-1233.8416972468253
495,-1233.8416972468253
496,-1233.8416972468253
497,-1233.8416972468253
498,-1233.8416972468253
499,-1233.8416972468253
500,-1233.8416972468253
501,-1233.8416972468253
502,-1233.8416972468253
503,-1233.8416972468253
504,-1233.8416972468253
505,-1233.8416972468253
506,-1233.8416972468253
507,-1233.8416972468253
508,-1233.8416972468253
509,-1233.8416972468253
510,-1233.8109648819184
511,-1233.8109648819184
512,-1233.8109648819184
513,-1233.8109648819184
514,-1233.8109648819184
515,-1233.8109648819184
516,-1233.8109648819184
517,-1233.8109648819184
518,-1233.8109648819184
519,-1233.8109648819184
520,-1233.8109648819184
521,-1233.3385408024053
522,-1233.76220345561
523,-1233.8186077335772
524,-1233.628925615809
525,-1233.4644449948455
526,-1233.4644449948455
527,-1233.4644449948455
528,-1233.4644449948455
529,-1233.4644449948455
530,-1233.4644449948455
531,-1233.4644449948455
532,-1233.4644449948455
533,-1233.4644449948455
534,-1234.475258084512
535,-1233.4001073871943
536,-1233.4001073871943
537,-1233.4001073871943
538,-1233.4001073871943
539,-1233.4001073871943
540,-1233.4001073871943
541,-1233.4001073871943
542,-1233.4001073871943
543,-1233.4001073871943
544,-1233.4001073871943
545,-1233.4001073871943
546,-1233.4001073871943
547,-1233.4001073871943
548,-1233.4001073871943
549,-1233.4001073871943
550,-1233.4001073871943
551,-1235.7203974745405
552,-1236.4512528154119
553,-1236.4512528154119
554,-1236.4512528154119
555,-1236.4512528154119
556,-1236.4512528154119
557,-1236.4512528154119
558,-1236.4512528154119
559,-1234.5007993387962
560,-1234.5007993387962
561,-1234.5007993387962
562,-1234.5007993387962
563,-1234.5007993387962
564,-1233.9344852076226
565,-1234.527031056609
566,-1234.527031056609
567,-1234.527031056609
568,-1234.527031056609
569,-1233.710032252574
570,-1233.710032252574
571,-1233.710032252574
572,-1233.710032252574
573,-1233.710032252574
574,-1234.2225817131778
575,-1234.5294010432988
576,-1234.5294010432988
577,-1234.5294010432988
578,-1234.5294010432988
579,-1234.5294010432988
580,-1235.2027851359546
581,-1235.2027851359546
582,-1235.2027851359546
583,-1235.2182561628229
584,-1235.2182561628229
585,-1235.2182561628229
586,-1235.2182561628229
587,-1236.1707689502712
588,-1233.1258583918593
589,-1233.1258583918593
590,-1233.1258583918593
591,-1233.1258583918593
592,-1233.1258583918593
593,-1233.1258583918593
594,-1233.1258583918593
595,-1233.1258583918593
596,-1233.1258583918593
597,-1233.1258583918593
598,-1233.1258583918593
599,-1232.8992924659221
600,-1232.8992924659221
601,-1232.8992924659221
602,-1232.8992924659221
603,-1232.8992924659221
604,-1232.8992924659221
605,-1233.2290435962002
606,-1232.7924748872915
607,-1232.0831278064913
608,-1232.10010546618
609,-1232.2607584581515
610,-1232.2607584581515
611,-1232.2607584581515
612,-1232.2607584581515
613,-1232.2607584581515
614,-1232.2607584581515
615,-1232.2607584581515
616,-1232.2607584581515
617,-1232.2607584581515
618,-1232.2607584581515
619,-1232.2607584581515
620,-1232.1319242970305
621,-1232.1319242970305
622,-1232.1319242970305
623,-1232.1319242970305
624,-1232.1319242970305
625,-1232.6156432414878
626,-1232.6156432414878
627,-1232.6156432414878
628,-1232.6156432414878
629,-1232.6156432414878
630,-1232.6156432414878
631,-1232.6156432414878
632,-1232.6156432414878
633,-1232.6156432414878
634,-1232.6156432414878
635,-1232.6156432414878
636,-1232.6156432414878
637,-1232.6156432414878
638,-1232.6156432414878
639,-1232.6156432414878
640,-1232.6156432414878
641,-1232.6156432414878
642,-1232.6156432414878
643,-1232.6156432414878
644,-1232.6156432414878
645,-1232.6156432414878
646,-1232.6156432414878
647,-1232.6156432414878
648,-1232.6156432414878
649,-1232.6156432414878
650,-1232.6156432414878
651,-1232.6156432414878
652,-1232.6156432414878
653,-1232.6156432414878
654,-1232.6156432414878
655,-1232.6156432414878
656,-1232.6156432414878
657,-1232.6156432414878
658,-1232.6156432414878
659,-1232.6156432414878
660,-1232.6156432414878
661,-1232.6156432414878
662,-1232.6156432414878
663,-1232.6156432414878
664,-1232.7301914905581
665,-1233.2269680820812
666,-1231.9389418037467
667,-1232.7352902651303
668,-1232.7352902651303
669,-1232.7352902651303
670,-1233.4076669816432
671,-1231.9947213967203
672,-1231.9947213967203
673,-1231.9947213967203
674,-1231.9947213967203
675,-1231.9947213967203
676,-1231.9947213967203
677,-1231.9947213967203
678,-1231.9947213967203
679,-1231.9947213967203
680,-1231.9947213967203
681,-1231.9947213967203
682,-1231.9947213967203
683,-1232.2967683551783
684,-1232.2967683551783
685,-1232.2967683551783
686,-1232.2967683551783
687,-1232.2967683551783
688,-1232.2967683551783
689,-1232.2967683551783
690,-1232.2967683551783
691,-1232.2967683551783
692,-1232.2967683551783
693,-1232.2967683551783
694,-1232.2967683551783
695,-1232.2967683551783
696,-1232.2967683551783
697,-1232.2967683551783
698,-1232.2967683551783
699,-1232.2967683551783
700,-1232.2967683551783
701,-1232.2967683551783
702,-1232.2967683551783
703,-1232.2967683551783
704,-1233.734814174691
705,-1233.4289109598844
706,-1233.4289109598844
707,-1233.4289109598844
708,-1233.4289109598844
709,-1233.4289109598844
710,-1233.4289109598844
711,-1234.698217355991
712,-1234.698217355991
713,-1234.698217355991
714,-1234.698217355991
715,-1234.698217355991
716,-1234.698217355991
717,-1234.698217355991
718,-1234.698217355991
719,-1234.698217355991
720,-1234.698217355991
721,-1234.698217355991
722,-1234.698217355991
723,-1234.0125268787099
724,-1234.0125268787099
725,-1234.0125268787099
726,-1234.0125268787099
727,-1234.0125268787099
728,-1234.0125268787099
729,-1234.0125268787099
730,-1233.4294004102233
731,-1233.4294004102233
732,-1233.4294004102233
733,-1233.4294004102233
734,-1233.4294004102233
735,-1233.1443332836213
736,-1233.1443332836213
737,-1233.1443332836213
738,-1233.1443332836213
739,-1233.1443332836213
740,-1233.1443332836213
741,-1233.807116006026
742,-1234.7134092460872
743,-1234.7134092460872
744,-1234.7134092460872
745,-1234.7134092460872
746,-1234.7134092460872
747,-1234.7134092460872
748,-1234.7134092460872
749,-1235.4785139911573
750,-1235.4785139911573
751,-1235.4785139911573
752,-1235.4785139911573
753,-1235.4785139911573
754,-1235.4785139911573
755,-1235.4785139911573
756,-1235.4785139911573
757,-1235.4785139911573
758,-1235.4785139911573
759,-1235.4785139911573
760,-1234.9717569299228
761,-1234.9717569299228
762,-1234.9717569299228
763,-1234.9717569299228
764,-1234.9717569299228
765,-1234.9717569299228
766,-1234.9717569299228
767,-1234.9717569299228
768,-1234.9717569299228
769,-1234.9717569299228
770,-1234.9717569299228
771,-1234.9717569299228
772,-1234.9717569299228
773,-1234.9717569299228
774,-1234.9717569299228
775,-1234.9717569299228
776,-1234.9717569299228
777,-1234.9717569299228
778,-1234.9717569299228
779,-1234.9717569299228
780,-1234.9717569299228
781,-1234.9717569299228
782,-1234.9717569299228
783,-1234.9717569299228
784,-1234.9717569299228
785,-1234.9717569299228
786,-1234.9717569299228
787,-1234.5739623385914
788,-1234.5739623385914
789,-1234.5739623385914
790,-1234.5739623385914
791,-1234.5739623385914
792,-1234.5739623385914
793,-1234.5739623385914
794,-1234.5739623385914
795,-1234.5739623385914
796,-1234.5739623385914
797,-1234.5739623385914
798,-1234.5739623385914
799,-1234.5739623385914
800,-1234.5739623385914
801,-1233.4190081158895
802,-1233.4190081158895
803,-1233.4190081158895
804,-1233.4190081158895
805,-1233.4190081158895
806,-1233.4190081158895
807,-1233.4190081158895
808,-1233.4190081158895
809,-1233.4190081158895
810,-1233.748940080148
811,-1233.9281107287097
812,-1233.9281107287097
813,-1233.9281107287097
814,-1233.9281107287097
815,-1233.9281107287097
816,-1233.9281107287097
817,-1233.9281107287097
818,-1233.9281107287097
819,-1233.9281107287097
820,-1233.9281107287097
821,-1233.9281107287097
822,-1233.9281107287097
823,-1233.9281107287097
824,-1233.9281107287097
825,-1233.9281107287097
826,-1233.827511557646
827,-1234.3840948031768
828,-1234.3840948031768
829,-1234.4349647753927
830,-1234.6351150598343
831,-1233.5619720340233
832,-1234.0465696847734
833,-1234.0465696847734
834,-1234.0465696847734
835,-1234.0465696847734
836,-1234.2914864047805
837,-1234.3609473293611
838,-1234.3609473293611
839,-1234.3609473293611
840,-1234.4306690196738
841,-1234.4306690196738
842,-1234.4306690196738
843,-1233.3239575131395
844,-1233.424259485604
845,-1233.424259485604
846,-1233.424259485604
847,-1233.424259485604
848,-1233.424259485604
849,-1233.424259485604
850,-1233.284880005065
851,-1233.284880005065
852,-1233.416673228128
853,-1233.416673228128
854,-1233.416673228128
855,-1233.7048685738944
856,-1234.0388266458565
857,-1234.0388266458565
858,-1234.0388266458565
859,-1234.0388266458565
860,-1234.596374030024
861,-1233.5768527570951
862,-1233.5768527570951
863,-1233.5768527570951
864,-1233.5768527570951
865,-1233.5768527570951
866,-1233.5768527570951
867,-1233.5768527570951
868,-1233.5768527570951
869,-1233.5768527570951
870,-1233.59206484434
871,-1233.6187272717852
872,-1233.6187272717852
873,-1233.6187272717852
874,-1233.6187272717852
875,-1233.453911209566
876,-1233.453911209566
877,-1233.453911209566
878,-1233.453911209566
879,-1233.453911209566
880,-1233.453911209566
881,-1233.453911209566
882,-1233.453911209566
883,-1233.453911209566
884,-1233.453911209566
885,-1233.453911209566
886,-1233.453911209566
887,-1233.453911209566
888,-1233.453911209566
889,-1233.453911209566
890,-1233.453911209566
891,-1234.656377277429
892,-1233.443853897777
893,-1233.1532297686638
894,-1232.980588040509
895,-1233.547869397324
896,-1233.5669911759792
897,-1233.5669911759792
898,-1233.5669911759792
899,-1233.5669911759792
900,-1233.5669911759792
901,-1233.5669911759792
902,-1233.164397629608
903,-1233.164397629608
904,-1233.164397629608
905,-1233.164397629608
906,-1233.164397629608
907,-1233.164397629608
908,-1233.164397629608
909,-1233.164397629608
910,-1233.164397629608
911,-1233.164397629608
912,-1233.164397629608
913,-1233.164397629608
914,-1233.164397629608
915,-1233.164397629608
916,-1233.164397629608
917,-1235.2054047486135
918,-1235.2054047486135
919,-1235.143803698835
920,-1235.143803698835
921,-1237.0310633770227
922,-1237.0310633770227
923,-1237.0310633770227
924,-1237.0310633770227
925,-1237.0310633770227
926,-1237.0310633770227
927,-1237.0310633770227
928,-1236.9436478576931
929,-1234.0341777841018
930,-1234.1888009958416
931,-1233.7156923839536
932,-1233.7156923839536
933,-1236.1030491959623
934,-1234.9949208066093
935,-1234.9949208066093
936,-1234.9949208066093
937,-1234.9949208066093
938,-1234.976849977381
939,-1235.1698084344953
940,-1235.1698084344953
941,-1235.1698084344953
942,-1235.1698084344953
943,-1235.1698084344953
944,-1235.1698084344953
945,-1235.1698084344953
946,-1235.1698084344953
947,-1235.1698084344953
948,-1234.951789164491
949,-1234.951789164491
950,-1234.951789164491
951,-1234.951789164491
952,-1234.951789164491
953,-1234.951789164491
954,-1235.1570037741462
955,-1233.4338232234654
956,-1233.4338232234654
957,-1233.4338232234654
958,-1233.4338232234654
959,-1233.4338232234654
960,-1233.4338232234654
961,-1233.4338232234654
962,-1233.4338232234654
963,-1233.4338232234654
964,-1233.4338232234654
965,-1233.4338232234654
966,-1233.4338232234654
967,-1233.4338232234654
968,-1233.4338232234654
969,-1233.4338232234654
970,-1233.4338232234654
971,-1233.4338232234654
972,-1233.4338232234654
973,-1233.4338232234654
974,-1233.4338232234654
975,-1233.4338232234654
976,-1233.4338232234654
977,-1233.4338232234654
978,-1233.4338232234654
979,-1233.4338232234654
980,-1233.4338232234654
981,-1233.4338232234654
982,-1233.4338232234654
983,-1233.4338232234654
984,-1233.4338232234654
985,-1233.4338232234654
986,-1233.4338232234654
987,-1233.4338232234654
988,-1233.4338232234654
989,-1233.4338232234654
990,-1233.4338232234654
991,-1233.4338232234654
992,-1233.4338232234654
993,-1233.4338232234654
994,-1233.4338232234654
995,-1233.4338232234654
996,-1233.4338232234654
997,-1233.1699994825237
998,-1233.4567398374666
999,-1233.4567398374666
1000,-1233.4567398374666
1001,-1233.4567398374666
1002,-1233.4567398374666
1003,-1234.5218459559142
1004,-1233.3524133951178
1005,-1233.3524133951178
1006,-1233.3524133951178
1007,-1233.3524133951178
1008,-1233.3524133951178
1009,-1233.3524133951178
1010,-1233.3524133951178
1011,-1233.3524133951178
1012,-1233.3524133951178
1013,-1233.3524133951178
1014,-1233.3524133951178
1015,-1233.3524133951178
1016,-1233.3524133951178
1017,-1233.3524133951178
1018,-1233.3524133951178
1019,-1233.3524133951178
1020,-1233.3524133951178
1021,-1233.3524133951178
1022,-1233.3524133951178
1023,-1233.3524133951178
1024,-1233.3524133951178
1025,-1233.3524133951178
1026,-1233.3524133951178
1027,-1233.3524133951178
1028,-1233.4531944914713
1029,-1233.6289529526068
1030,-1233.6289529526068
1031,-1234.2436017271084
1032,-1234.2436017271084
1033,-1234.2436017271084
1034,-1234.2436017271084
1035,-1234.2436017271084
1036,-1234.2436017271084
1037,-1234.2436017271084
1038,-1234.2436017271084
1039,-1234.6846505469168
1040,-1234.6846505469168
1041,-1234.6846505469168
1042,-1234.6846505469168
1043,-1234.6846505469168
1044,-1233.914640970926
1045,-1233.914640970926
1046,-1233.803141360597
1047,-1233.9367419112186
1048,-1234.5907872464454
1049,-1234.4851004162542
1050,-1234.4851004162542
1051,-1234.4851004162542
1052,-1234.4851004162542
1053,-1234.4851004162542
1054,-1233.8896406374758
1055,-1233.8896406374758
1056,-1234.3967367735893
1057,-1234.3967367735893
1058,-1234.3967367735893
1059,-1234.3967367735893
1060,-1234.3967367735893
1061,-1234.3967367735893
1062,-1234.3967367735893
1063,-1234.3967367735893
1064,-1234.595631174683
1065,-1234.5089222579963
1066,-1234.5089222579963
1067,-1234.5089222579963
1068,-1233.2430531451128
1069,-1233.4250899998042
1070,-1233.4250899998042
1071,-1233.4250899998042
1072,-1233.4250899998042
1073,-1234.680674995621
1074,-1234.680674995621
1075,-1234.680674995621
1076,-1234.5819818924854
1077,-1234.5819818924854
1078,-1234.5819818924854
1079,-1234.5819818924854
1080,-1234.5819818924854
1081,-1233.4638520015296
1082,-1233.5302824480166
1083,-1233.4910812514393
1084,-1234.0154197637912
1085,-1234.0154197637912
1086,-1234.0154197637912
1087,-1233.928708071909
1088,-1233.1876999835015
1089,-1233.1876999835015
1090,-1233.514776709044
1091,-1233.514776709044
1092,-1233.514776709044
1093,-1233.514776709044
1094,-1233.514776709044
1095,-1233.514776709044
1096,-1233.514776709044
1097,-1233.514776709044
1098,-1235.7880132899224
1099,-1233.9695535797314
1100,-1233.8207871453506
1101,-1233.8207871453506
1102,-1233.8207871453506
1103,-1233.8207871453506
1104,-1233.8207871453506
1105,-1233.8207871453506
1106,-1233.8207871453506
1107,-1233.8207871453506
1108,-1233.8207871453506
1109,-1233.5563050280546
1110,-1233.5563050280546
1111,-1233.5563050280546
1112,-1233.5563050280546
1113,-1233.5563050280546
1114,-1233.5563050280546
1115,-1233.5563050280546
1116,-1233.5563050280546
1117,-1233.5563050280546
1118,-1233.609069303697
1119,-1233.609069303697
1120,-1233.609069303697
1121,-1233.609069303697
1122,-1233.609069303697
1123,-1233.609069303697
1124,-1233.609069303697
1125,-1233.609069303697
1126,-1233.609069303697
1127,-1233.4737783496983
1128,-1233.1973522691906
1129,-1233.1973522691906
1130,-1233.1973522691906
1131,-1233.1973522691906
1132,-1233.1973522691906
1133,-1233.1973522691906
1134,-1233.1973522691906
1135,-1234.419737169105
1136,-1233.9332829968987
1137,-1233.9332829968987
1138,-1233.9332829968987
1139,-1233.9332829968987
1140,-1233.9332829968987
1141,-1233.9332829968987
1142,-1233.9332829968987
1143,-1233.9332829968987
1144,-1233.9332829968987
1145,-1233.9332829968987
1146,-1233.9332829968987
1147,-1233.9332829968987
1148,-1233.9332829968987
1149,-1233.9332829968987
1150,-1233.9332829968987
1151,-1234.7045807703882
1152,-1234.7045807703882
1153,-1234.7045807703882
1154,-1234.7045807703882
1155,-1234.7045807703882
1156,-1234.7045807703882
1157,-1234.2655717084247
1158,-1235.2889371113033
1159,-1235.2889371113033
1160,-1235.2889371113033
1161,-1235.2889371113033
1162,-1235.2889371113033
1163,-1235.2889371113033
1164,-1235.0048951077565
1165,-1234.1583737720955
1166,-1234.1583737720955
1167,-1234.1583737720955
1168,-1234.1583737720955
1169,-1234.1583737720955
1170,-1234.1583737720955
1171,-1234.0709550811557
1172,-1234.0709550811557
1173,-1234.0709550811557
1174,-1234.0709550811557
1175,-1234.0709550811557
1176,-1234.0709550811557
1177,-1234.0709550811557
1178,-1234.0709550811557
1179,-1234.0709550811557
1180,-1234.0709550811557
1181,-1234.0709550811557
1182,-1234.0709550811557
1183,-1234.0709550811557
1184,-1234.0709550811557
1185,-1234.0709550811557
1186,-1234.0709550811557
1187,-1234.0709550811557
1188,-1234.0709550811557
1189,-1234.0709550811557
1190,-1234.0709550811557
1191,-1234.0709550811557
1192,-1234.0709550811557
1193,-1234.0709550811557
1194,-1234.0709550811557
1195,-1234.0709550811557
1196,-1234.0709550811557
1197,-1234.0709550811557
1198,-1234.7512290605637
1199,-1234.7512290605637
1200,-1234.7512290605637
1201,-1234.7512290605637
1202,-1234.7512290605637
1203,-1234.7512290605637
1204,-1234.7512290605637
1205,-1234.6414949760294
1206,-1234.6414949760294
1207,-1234.6414949760294
1208,-1234.6414949760294
1209,-1234.9779364613173
1210,-1234.9779364613173
1211,-1234.9779364613173
1212,-1234.6421796354634
1213,-1234.6421796354634
1214,-1234.6421796354634
1215,-1234.6421796354634
1216,-1234.6421796354634
1217,-1234.6421796354634
1218,-1234.6421796354634
1219,-1234.6421796354634
1220,-1234.6421796354634
1221,-1234.6421796354634
1222,-1234.6421796354634
1223,-1234.6421796354634
1224,-1233.4920504688137
1225,-1233.4920504688137
1226,-1233.4920504688137
1227,-1233.4920504688137
1228,-1233.4920504688137
1229,-1233.4920504688137
1230,-1233.4920504688137
1231,-1233.4920504688137
1232,-1233.4920504688137
1233,-1233.4920504688137
1234,-1233.4920504688137
1235,-1233.4920504688137
1236,-1233.4920504688137
1237,-1233.4920504688137
1238,-1234.107526536804
1239,-1233.3579241997268
1240,-1233.3579241997268
1241,-1233.3579241997268
1242,-1233.3579241997268
1243,-1233.3579241997268
1244,-1233.3579241997268
1245,-1234.0278525878648
1246,-1234.0278525878648
1247,-1234.0278525878648
1248,-1234.0278525878648
1249,-1234.0278525878648
1250,-1234.0278525878648
1251,-1234.0278525878648
1252,-1236.3459137074342
1253,-1236.3459137074342
1254,-1236.3459137074342
1255,-1236.3459137074342
1256,-1236.3459137074342
1257,-1236.3459137074342
1258,-1233.4070745832837
1259,-1233.4070745832837
1260,-1233.4070745832837
1261,-1233.4070745832837
1262,-1233.4070745832837
1263,-1233.4070745832837
1264,-1233.4070745832837
1265,-1233.4070745832837
1266,-1233.4070745832837
1267,-1233.4070745832837
1268,-1233.4070745832837
1269,-1233.4070745832837
1270,-1233.4070745832837
1271,-1237.0995088532552
1272,-1237.0995088532552
1273,-1237.0995088532552
1274,-1237.0995088532552
1275,-1236.437245278702
1276,-1236.437245278702
1277,-1236.437245278702
1278,-1236.8479273708765
1279,-1236.8479273708765
1280,-1236.5494361626165
1281,-1236.5494361626165
1282,-1236.5494361626165
1283,-1236.5494361626165
1284,-1236.5494361626165
1285,-1236.5494361626165
1286,-1236.5494361626165
1287,-1236.5494361626165
1288,-1236.5494361626165
1289,-1236.5494361626165
1290,-1236.5494361626165
1291,-1236.5494361626165
1292,-1236.5494361626165
1293,-1236.5494361626165
1294,-1236.5494361626165
1295,-1236.5494361626165
1296,-1236.5494361626165
1297,-1236.5494361626165
1298,-1236.5494361626165
1299,-1236.5494361626165
1300,-1234.9428704912855
1301,-1234.9428704912855
1302,-1234.9428704912855
1303,-1234.9428704912855
1304,-1234.9428704912855
1305,-1234.9428704912855
1306,-1234.9428704912855
1307,-1234.9428704912855
1308,-1234.9428704912855
1309,-1234.9428704912855
1310,-1234.9428704912855
1311,-1234.9428704912855
1312,-1235.2885465177176
1313,-1235.2885465177176
1314,-1235.2885465177176
1315,-1235.2885465177176
1316,-1235.2885465177176
1317,-1235.2885465177176
1318,-1235.2885465177176
1319,-1236.1986156238124
1320,-1234.8410244976128
1321,-1234.8611760673307
1322,-1234.8926316667296
1323,-1234.6073386949988
1324,-1234.6073386949988
1325,-1236.6786377513931
1326,-1236.6786377513931
1327,-1237.2094790836743
1328,-1237.2094790836743
1329,-1236.0757132432757
1330,-1236.0757132432757
1331,-1236.0757132432757
1332,-1233.5609749216037
1333,-1233.569408180593
1334,-1233.569408180593
1335,-1233.569408180593
1336,-1235.3306385165652
1337,-1235.3306385165652
1338,-1235.2129011133343
1339,-1234.5041779123026
1340,-1235.5732389056295
1341,-1235.5732389056295
1342,-1233.9434173141872
1343,-1233.9434173141872
1344,-1233.9434173141872
1345,-1233.9434173141872
1346,-1234.7757732432724
1347,-1234.7757732432724
1348,-1234.7757732432724
1349,-1234.7757732432724
1350,-1234.7757732432724
1351,-1234.7757732432724
1352,-1234.7757732432724
1353,-1234.7757732432724
1354,-1234.65924450128
1355,-1234.65924450128
1356,-1234.65924450128
1357,-1234.65924450128
1358,-1234.65924450128
1359,-1234.65924450128
1360,-1234.65924450128
1361,-1234.65924450128
1362,-1234.65924450128
1363,-1234.65924450128
1364,-1234.65924450128
1365,-1234.65924450128
1366,-1234.65924450128
1367,-1235.835124775416
1368,-1234.120463670354
1369,-1234.120463670354
1370,-1234.120463670354
1371,-1234.0598023537764
1372,-1234.0598023537764
1373,-1234.0598023537764
1374,-1234.0598023537764
1375,-1234.0598023537764
1376,-1234.0598023537764
1377,-1234.0598023537764
1378,-1234.0598023537764
1379,-1234.0598023537764
1380,-1234.0598023537764
1381,-1234.0598023537764
1382,-1234.0598023537764
1383,-1235.7718394006997
1384,-1235.7718394006997
1385,-1235.7718394006997
1386,-1235.7718394006997
1387,-1235.7718394006997
1388,-1235.7718394006997
1389,-1235.4660856346536
1390,-1235.4660856346536
1391,-1235.4660856346536
1392,-1235.4660856346536
1393,-1235.4660856346536
1394,-1235.4660856346536
1395,-1235.4660856346536
1396,-1235.4660856346536
1397,-1235.5920914611747
1398,-1233.6173009137917
1399,-1233.6173009137917
1400,-1233.6173009137917
1401,-1233.6173009137917
1402,-1233.6173009137917
1403,-1233.6173009137917
1404,-1233.6173009137917
1405,-1233.6173009137917
1406,-1233.6173009137917
1407,-1233.6173009137917
1408,-1233.6173009137917
1409,-1233.6173009137917
1410,-1233.840697529531
1411,-1233.3172530050867
1412,-1233.3172530050867
1413,-1233.3172530050867
1414,-1233.3172530050867
1415,-1233.559963542643
1416,-1233.559963542643
1417,-1233.559963542643
1418,-1233.559963542643
1419,-1233.559963542643
1420,-1235.252251944496
1421,-1235.252251944496
1422,-1235.252251944496
1423,-1235.252251944496
1424,-1235.252251944496
1425,-1235.252251944496
1426,-1235.252251944496
1427,-1235.7543581813293
1428,-1235.7543581813293
1429,-1236.658451682195
1430,-1236.658451682195
1431,-1236.658451682195
1432,-1236.658451682195
1433,-1236.658451682195
1434,-1236.658451682195
1435,-1236.658451682195
1436,-1236.658451682195
1437,-1236.658451682195
1438,-1236.658451682195
1439,-1233.4193790936263
1440,-1234.4701249029515
1441,-1234.4701249029515
1442,-1234.4701249029515
1443,-1234.4701249029515
1444,-1234.4701249029515
1445,-1234.4701249029515
1446,-1234.4701249029515
1447,-1234.4701249029515
1448,-1234.4701249029515
1449,-1234.4701249029515
1450,-1234.4701249029515
1451,-1234.4701249029515
1452,-1234.4701249029515
1453,-1234.4701249029515
1454,-1234.4701249029515
1455,-1234.4701249029515
1456,-1234.4701249029515
1457,-1235.3393345178715
1458,-1235.3393345178715
1459,-1235.3393345178715
1460,-1234.917490964022
1461,-1234.917490964022
1462,-1234.868669718314
1463,-1234.868669718314
1464,-1234.868669718314
1465,-1234.868669718314
1466,-1234.868669718314
1467,-1234.868669718314
1468,-1234.868669718314
1469,-1234.868669718314
1470,-1234.5902960986318
1471,-1234.5902960986318
1472,-1234.5902960986318
1473,-1234.5902960986318
1474,-1234.5902960986318
1475,-1234.097238320437
1476,-1234.097238320437
1477,-1234.097238320437
1478,-1234.097238320437
1479,-1234.097238320437
1480,-1234.5665784607022
1481,-1233.301486331902
1482,-1234.0412342156544
1483,-1234.0412342156544
1484,-1234.0412342156544
1485,-1234.0412342156544
1486,-1234.0412342156544
1487,-1234.0412342156544
1488,-1234.0412342156544
1489,-1234.0412342156544
1490,-1234.0412342156544
1491,-1234.0412342156544
1492,-1234.0412342156544
1493,-1234.0412342156544
1494,-1234.0412342156544
1495,-1234.6172513301235
1496,-1234.6172513301235
1497,-1234.6172513301235
1498,-1234.6172513301235
1499,-1234.6172513301235
1500,-1234.619999739932
1501,-1234.619999739932
1502,-1234.619999739932
1503,-1234.3423380760553
1504,-1233.1018441281453
1505,-1233.1018441281453
1506,-1233.1018441281453
1507,-1233.1018441281453
1508,-1233.1018441281453
1509,-1233.1018441281453
1510,-1233.1018441281453
1511,-1233.1018441281453
1512,-1233.5226683877154
1513,-1233.5226683877154
1514,-1233.5226683877154
1515,-1233.5226683877154
1516,-1233.5226683877154
1517,-1233.5226683877154
1518,-1233.5226683877154
1519,-1233.5226683877154
1520,-1233.5226683877154
1521,-1233.5226683877154
1522,-1233.5226683877154
1523,-1233.5226683877154
1524,-1233.5226683877154
1525,-1234.2602657031791
1526,-1234.2602657031791
1527,-1234.2602657031791
1528,-1234.1965267986784
1529,-1233.298141290214
1530,-1233.298141290214
1531,-1233.298141290214
1532,-1233.298141290214
1533,-1233.298141290214
1534,-1233.298141290214
1535,-1233.298141290214
1536,-1233.298141290214
1537,-1233.298141290214
1538,-1233.8233519042985
1539,-1233.8233519042985
1540,-1233.8233519042985
1541,-1233.8233519042985
1542,-1233.8233519042985
1543,-1233.8233519042985
1544,-1233.8233519042985
1545,-1233.8233519042985
1546,-1233.8233519042985
1547,-1233.8233519042985
1548,-1233.8233519042985
1549,-1233.8233519042985
1550,-1233.8233519042985
1551,-1233.8233519042985
1552,-1233.950099909615
1553,-1233.7831321499893
1554,-1233.7831321499893
1555,-1233.7831321499893
1556,-1233.7831321499893
1557,-1233.7831321499893
1558,-1233.7831321499893
1559,-1233.7831321499893
1560,-1234.1775837320154
1561,-1234.1775837320154
1562,-1233.964715297021
1563,-1233.5787361090167
1564,-1233.5800054963436
1565,-1233.5800054963436
1566,-1233.5800054963436
1567,-1233.5800054963436
1568,-1233.5800054963436
1569,-1233.5800054963436
1570,-1233.5800054963436
1571,-1234.0027656693314
1572,-1234.0728512641865
1573,-1234.1264000960932
1574,-1234.1264000960932
1575,-1234.1264000960932
1576,-1234.1264000960932
1577,-1234.1264000960932
1578,-1234.1264000960932
1579,-1234.1264000960932
1580,-1234.1264000960932
1581,-1234.7545724651245
1582,-1234.7545724651245
1583,-1234.7545724651245
1584,-1234.7545724651245
1585,-1234.7545724651245
1586,-1234.7545724651245
1587,-1234.7545724651245
1588,-1234.7545724651245
1589,-1234.7545724651245
1590,-1234.7545724651245
1591,-1234.7545724651245
1592,-1235.027547947764
1593,-1235.027547947764
1594,-1235.027547947764
1595,-1234.4352206269089
1596,-1234.4789374621191
1597,-1233.5821163644
1598,-1233.069750575921
1599,-1234.1333982867832
1600,-1234.1333982867832
1601,-1234.1333982867832
1602,-1233.5065366701149
1603,-1233.5065366701149
1604,-1234.2065448927133
1605,-1234.2065448927133
1606,-1234.2065448927133
1607,-1234.2065448927133
1608,-1234.2065448927133
1609,-1234.2065448927133
1610,-1234.2065448927133
1611,-1234.2183883783919
1612,-1234.2183883783919
1613,-1234.2183883783919
1614,-1234.2183883783919
1615,-1234.2183883783919
1616,-1234.2183883783919
1617,-1234.2183883783919
1618,-1234.2183883783919
1619,-1234.2183883783919
1620,-1234.2183883783919
1621,-1234.06885108118
1622,-1234.06885108118
1623,-1234.06885108118
1624,-1234.06885108118
1625,-1234.06885108118
1626,-1233.2803175636293
1627,-1233.4074802988546
1628,-1233.4074802988546
1629,-1233.4074802988546
1630,-1233.4074802988546
1631,-1233.4074802988546
1632,-1234.1289525392342
1633,-1233.6157857104924
1634,-1233.6157857104924
1635,-1233.6157857104924
1636,-1233.6157857104924
1637,-1233.6157857104924
1638,-1233.6157857104924
1639,-1233.6157857104924
1640,-1233.6157857104924
1641,-1233.6157857104924
1642,-1233.6157857104924
1643,-1233.6157857104924
1644,-1233.6157857104924
1645,-1233.6157857104924
1646,-1233.6157857104924
1647,-1233.6157857104924
1648,-1233.6157857104924
1649,-1233.6157857104924
1650,-1233.6157857104924
1651,-1233.6157857104924
1652,-1233.6157857104924
1653,-1233.6157857104924
1654,-1233.6157857104924
1655,-1233.6157857104924
1656,-1234.838678086591
1657,-1234.838678086591
1658,-1234.838678086591
1659,-1234.838678086591
1660,-1233.7764324606183
1661,-1233.4578284726463
1662,-1233.4578284726463
1663,-1233.4578284726463
1664,-1233.4578284726463
1665,-1233.4578284726463
1666,-1233.4578284726463
1667,-1233.4578284726463
1668,-1233.4578284726463
1669,-1233.6407950733344
1670,-1233.6407950733344
1671,-1233.6407950733344
1672,-1233.6407950733344
1673,-1233.6407950733344
1674,-1233.6407950733344
1675,-1233.8390191358753
1676,-1234.3901043695391
1677,-1234.3901043695391
1678,-1234.3901043695391
1679,-1234.8954342598167
1680,-1234.8954342598167
1681,-1234.8954342598167
1682,-1234.8954342598167
1683,-1234.8954342598167
1684,-1234.8954342598167
1685,-1234.8954342598167
1686,-1234.8954342598167
1687,-1234.8954342598167
1688,-1234.8954342598167
1689,-1234.8954342598167
1690,-1233.9699268643997
1691,-1233.9699268643997
1692,-1233.9699268643997
1693,-1234.5499688237808
1694,-1234.5499688237808
1695,-1234.5499688237808
1696,-1234.5499688237808
1697,-1234.5499688237808
1698,-1234.5499688237808
1699,-1234.5499688237808
1700,-1234.5499688237808
1701,-1234.5499688237808
1702,-1234.5499688237808
1703,-1234.5499688237808
1704,-1234.5499688237808
1705,-1234.5499688237808
1706,-1234.5499688237808
1707,-1234.5499688237808
1708,-1234.5499688237808
1709,-1234.5499688237808
1710,-1234.5499688237808
1711,-1234.5499688237808
1712,-1234.5499688237808
1713,-1234.5499688237808
1714,-1234.5499688237808
1715,-1233.7617371731264
1716,-1233.7617371731264
1717,-1233.7617371731264
1718,-1233.7617371731264
1719,-1233.7617371731264
1720,-1233.7617371731264
1721,-1233.7617371731264
1722,-1233.7617371731264
1723,-1233.7617371731264
1724,-1233.7617371731264
1725,-1233.7617371731264
1726,-1233.7617371731264
1727,-1233.7617371731264
1728,-1233.7617371731264
1729,-1234.9810043556913
1730,-1234.3822108198515
1731,-1233.7483796983431
1732,-1233.4424794324605
1733,-1233.7459707996895
1734,-1233.5029623425664
1735,-1233.5029623425664
1736,-1233.604696788416
1737,-1233.604696788416
1738,-1233.604696788416
1739,-1233.813168832974
1740,-1233.4075232248645
1741,-1234.2972399767993
1742,-1234.2972399767993
1743,-1234.2972399767993
1744,-1234.2972399767993
1745,-1234.2972399767993
1746,-1234.5656080949304
1747,-1234.5656080949304
1748,-1234.5656080949304
1749,-1234.5656080949304
1750,-1234.5656080949304
1751,-1234.5656080949304
1752,-1234.5656080949304
1753,-1233.9380770453236
1754,-1233.9380770453236
1755,-1233.9380770453236
1756,-1233.9380770453236
1757,-1233.9380770453236
1758,-1233.9380770453236
1759,-1233.9380770453236
1760,-1233.9380770453236
1761,-1233.9380770453236
1762,-1233.9380770453236
1763,-1233.9380770453236
1764,-1233.9380770453236
1765,-1233.9380770453236
1766,-1233.9380770453236
1767,-1233.9380770453236
1768,-1233.4442270488294
1769,-1233.3979796948026
1770,-1233.3979796948026
1771,-1233.3979796948026
1772,-1233.3979796948026
1773,-1233.3979796948026
1774,-1233.3979796948026
1775,-1233.3979796948026
1776,-1233.3979796948026
1777,-1233.3979796948026
1778,-1233.3979796948026
1779,-1233.3979796948026
1780,-1233.3979796948026
1781,-1233.3979796948026
1782,-1233.3979796948026
1783,-1234.9216290010027
1784,-1234.9216290010027
1785,-1234.9216290010027
1786,-1234.9216290010027
1787,-1234.9216290010027
1788,-1234.9216290010027
1789,-1234.9216290010027
1790,-1234.9216290010027
1791,-1234.9216290010027
1792,-1234.9216290010027
1793,-1234.9216290010027
1794,-1234.9216290010027
1795,-1234.9216290010027
1796,-1234.9216290010027
1797,-1234.9216290010027
1798,-1234.9216290010027
1799,-1234.9216290010027
1800,-1234.9216290010027
1801,-1234.9216290010027
1802,-1234.9216290010027
1803,-1234.9216290010027
1804,-1234.9216290010027
1805,-1235.1611011772175
1806,-1235.1611011772175
1807,-1235.1611011772175
1808,-1235.1611011772175
1809,-1235.1611011772175
1810,-1237.0099189696346
1811,-1237.0099189696346
1812,-1234.2572269779164
1813,-1234.2572269779164
1814,-1234.2572269779164
1815,-1234.2572269779164
1816,-1234.2572269779164
1817,-1234.2572269779164
1818,-1234.2572269779164
1819,-1234.2572269779164
1820,-1234.2572269779164
1821,-1233.6529075224262
1822,-1233.6529075224262
1823,-1234.7404190914324
1824,-1234.7404190914324
1825,-1234.7404190914324
1826,-1234.7404190914324
1827,-1234.7404190914324
1828,-1234.7404190914324
1829,-1234.7404190914324
1830,-1234.7404190914324
1831,-1234.7404190914324
1832,-1234.7404190914324
1833,-1234.7404190914324
1834,-1234.7404190914324
1835,-1234.7404190914324
1836,-1234.7404190914324
1837,-1234.7404190914324
1838,-1234.7404190914324
1839,-1234.7404190914324
1840,-1234.7404190914324
1841,-1234.7404190914324
1842,-1234.7404190914324
1843,-1235.5778845993002
1844,-1233.8879391941591
1845,-1233.8879391941591
1846,-1233.8879391941591
1847,-1233.8879391941591
1848,-1233.8879391941591
1849,-1233.8879391941591
1850,-1233.8879391941591
1851,-1233.8879391941591
1852,-1233.8879391941591
1853,-1233.8879391941591
1854,-1233.8879391941591
1855,-1233.8879391941591
1856,-1233.8879391941591
1857,-1233.8879391941591
1858,-1233.8879391941591
1859,-1233.8879391941591
1860,-1234.8991989837318
1861,-1234.8991989837318
1862,-1235.9214575231474
1863,-1235.9214575231474
1864,-1235.9214575231474
1865,-1235.9214575231474
1866,-1235.9214575231474
1867,-1235.9214575231474
1868,-1235.9214575231474
1869,-1235.9214575231474
1870,-1235.9214575231474
1871,-1235.9214575231474
1872,-1235.9214575231474
1873,-1235.9214575231474
1874,-1235.9214575231474
1875,-1235.9214575231474
1876,-1235.9214575231474
1877,-1233.9314443968153
1878,-1234.1047444457317
1879,-1234.1047444457317
1880,-1234.1047444457317
1881,-1234.1047444457317
1882,-1234.1047444457317
1883,-1234.1047444457317
1884,-1234.1047444457317
1885,-1234.1047444457317
1886,-1234.1047444457317
1887,-1234.1047444457317
1888,-1234.0657900343374
1889,-1234.0657900343374
1890,-1234.0657900343374
1891,-1234.0657900343374
1892,-1234.0657900343374
1893,-1234.0657900343374
1894,-1236.4043122610472
1895,-1236.4043122610472
1896,-1236.4043122610472
1897,-1236.4043122610472
1898,-1236.3351224173823
1899,-1234.5414350140045
1900,-1234.0420440589614
1901,-1234.0420440589614
1902,-1234.3652264477048
1903,-1234.3723307217044
1904,-1234.5114272561934
1905,-1233.809520234046
1906,-1233.809520234046
1907,-1233.809520234046
1908,-1233.809520234046
1909,-1233.809520234046
1910,-1233.809520234046
1911,-1233.809520234046
1912,-1233.809520234046
1913,-1233.809520234046
1914,-1233.809520234046
1915,-1233.809520234046
1916,-1233.809520234046
1917,-1233.809520234046
1918,-1233.809520234046
1919,-1233.809520234046
1920,-1233.809520234046
1921,-1233.809520234046
1922,-1233.809520234046
1923,-1233.809520234046
1924,-1233.809520234046
1925,-1233.809520234046
1926,-1233.809520234046
1927,-1233.809520234046
1928,-1233.809520234046
1929,-1233.809520234046
1930,-1233.809520234046
1931,-1233.809520234046
1932,-1233.809520234046
1933,-1233.809520234046
1934,-1234.4798839804243
1935,-1234.4798839804243
1936,-1234.4798839804243
1937,-1234.2647518253789
1938,-1234.2647518253789
1939,-1234.2647518253789
1940,-1234.2647518253789
1941,-1234.2647518253789
1942,-1234.2647518253789
1943,-1234.2647518253789
1944,-1234.2647518253789
1945,-1234.2647518253789
1946,-1234.2647518253789
1947,-1234.2647518253789
1948,-1234.2647518253789
1949,-1234.2647518253789
1950,-1234.2647518253789
1951,-1234.2647518253789
1952,-1233.405747279932
1953,-1233.405747279932
1954,-1233.405747279932
1955,-1233.4607936175955
1956,-1234.715493520759
1957,-1234.715493520759
1958,-1234.715493520759
1959,-1233.5186092036479
1960,-1233.5186092036479
1961,-1233.5186092036479
1962,-1233.5186092036479
1963,-1234.609909626001
1964,-1233.7328481385741
1965,-1233.7328481385741
1966,-1233.7328481385741
1967,-1233.7828960105282
1968,-1233.846098213671
1969,-1233.846098213671
1970,-1233.846098213671
1971,-1233.846098213671
1972,-1233.846098213671
1973,-1233.846098213671
1974,-1233.846098213671
1975,-1233.846098213671
1976,-1234.3008575165388
1977,-1234.3008575165388
1978,-1234.3008575165388
1979,-1234.3008575165388
1980,-1234.7009540176318
1981,-1234.7009540176318
1982,-1234.7009540176318
1983,-1234.7009540176318
1984,-1234.7009540176318
1985,-1234.7009540176318
1986,-1234.7009540176318
1987,-1234.4337418240268
1988,-1234.4337418240268
1989,-1234.4337418240268
1990,-1233.412689625632
1991,-1233.6157220195435
1992,-1233.6157220195435
1993,-1233.6157220195435
1994,-1233.6157220195435
1995,-1233.6157220195435
1996,-1233.6157220195435
1997,-1233.6157220195435
1998,-1233.6157220195435
1999,-1233.6157220195435
2000,-1233.6157220195435
