Biomarker,participant,measurement,k_j,k_n,drawn_from
Biomarker 0,0,5.103048735276,10,10,diseased
Biomarker 0,1,7.7327478232114,6,10,healthy
Biomarker 0,2,7.960702621380973,9,10,healthy
Biomarker 0,3,7.640616451589315,4,10,healthy
Biomarker 0,4,7.244324201621895,4,10,healthy
Biomarker 0,5,8.00338077895354,1,10,healthy
Biomarker 0,6,8.00518975583845,9,10,healthy
Biomarker 0,7,7.938253594988008,3,10,healthy
Biomarker 0,8,7.529856058784222,1,10,healthy
Biomarker 0,9,7.767736608380426,7,10,healthy
Biomarker 0,10,8.136100306036777,2,10,healthy
Biomarker 0,11,8.010628631153562,7,10,healthy
Biomarker 0,12,7.860210442891322,8,10,healthy
Biomarker 0,13,7.638597061899854,3,10,healthy
Biomarker 0,14,7.347130014177411,3,10,healthy
Biomarker 0,15,8.154795587005072,0,10,healthy
Biomarker 0,16,8.110430516122578,0,10,healthy
Biomarker 0,17,7.986352435112646,0,10,healthy
Biomarker 0,18,8.00447495845719,2,10,healthy
Biomarker 0,19,7.693002894099474,2,10,healthy
Biomarker 0,20,8.2822658585016,0,10,healthy
Biomarker 0,21,8.092414674906765,9,10,healthy
Biomarker 0,22,7.643678717623418,4,10,healthy
Biomarker 0,23,8.519229667151892,7,10,healthy
Biomarker 0,24,8.364385160106064,4,10,healthy
Biomarker 0,25,8.04624188374904,8,10,healthy
Biomarker 0,26,8.129501707523909,1,10,healthy
Biomarker 0,27,8.308046945492023,1,10,healthy
Biomarker 0,28,7.8591126189752165,1,10,healthy
Biomarker 0,29,8.276453461829009,2,10,healthy
Biomarker 0,30,7.6955110033123715,6,10,healthy
Biomarker 0,31,8.09723062719706,6,10,healthy
Biomarker 0,32,8.210884554886261,4,10,healthy
Biomarker 0,33,8.48900533065648,3,10,healthy
Biomarker 0,34,7.796230886376473,5,10,healthy
Biomarker 0,35,8.041100265865682,5,10,healthy
Biomarker 0,36,4.661721796869882,10,10,diseased
Biomarker 0,37,8.157630920045886,9,10,healthy
Biomarker 0,38,8.076555710501573,5,10,healthy
Biomarker 0,39,7.6905561758511185,5,10,healthy
Biomarker 0,40,8.281882686647212,1,10,healthy
Biomarker 0,41,8.047304372430178,0,10,healthy
Biomarker 0,42,7.887127534146726,6,10,healthy
Biomarker 0,43,7.708041049444434,8,10,healthy
Biomarker 0,44,8.286454681629461,8,10,healthy
Biomarker 0,45,8.235745148579886,3,10,healthy
Biomarker 0,46,7.838117915308762,1,10,healthy
Biomarker 0,47,8.256938967311699,2,10,healthy
Biomarker 0,48,8.139853604287977,2,10,healthy
Biomarker 0,49,7.523600454542427,0,10,healthy
Biomarker 0,50,7.913866797627704,1,10,healthy
Biomarker 0,51,8.386928627311516,5,10,healthy
Biomarker 0,52,8.022380384203139,6,10,healthy
Biomarker 0,53,8.059329560429784,4,10,healthy
Biomarker 0,54,7.885040388720715,5,10,healthy
Biomarker 0,55,8.167966746215425,2,10,healthy
Biomarker 0,56,8.098031526806796,8,10,healthy
Biomarker 0,57,8.222947577300957,9,10,healthy
Biomarker 0,58,5.936230574221535,10,10,diseased
Biomarker 0,59,8.042029059050558,1,10,healthy
Biomarker 0,60,8.095374030452415,2,10,healthy
Biomarker 0,61,7.623843529331587,8,10,healthy
Biomarker 0,62,8.399501457590882,8,10,healthy
Biomarker 0,63,7.790780539838702,4,10,healthy
Biomarker 0,64,8.015907683158906,2,10,healthy
Biomarker 0,65,7.969602772141994,3,10,healthy
Biomarker 0,66,7.673056663006927,0,10,healthy
Biomarker 0,67,7.927834014817472,9,10,healthy
Biomarker 0,68,8.15922600911296,6,10,healthy
Biomarker 0,69,7.74146352965753,8,10,healthy
Biomarker 0,70,8.321511270456355,2,10,healthy
Biomarker 0,71,7.886062347861502,4,10,healthy
Biomarker 0,72,7.5207365390555605,4,10,healthy
Biomarker 0,73,8.8528969365447,5,10,healthy
Biomarker 0,74,7.965333548347801,2,10,healthy
Biomarker 0,75,7.575823239699882,9,10,healthy
Biomarker 0,76,7.760202068820737,6,10,healthy
Biomarker 0,77,7.20247257658032,0,10,healthy
Biomarker 0,78,8.31123037117153,7,10,healthy
Biomarker 0,79,8.043592486706533,8,10,healthy
Biomarker 0,80,4.880287135160217,10,10,diseased
Biomarker 0,81,7.933616452613104,9,10,healthy
Biomarker 0,82,8.113479104878744,7,10,healthy
Biomarker 0,83,7.9793171568750525,0,10,healthy
Biomarker 0,84,7.793776329409514,8,10,healthy
Biomarker 0,85,8.031463898246406,9,10,healthy
Biomarker 0,86,8.270964955516039,5,10,healthy
Biomarker 0,87,8.331903603080043,6,10,healthy
Biomarker 0,88,8.371846871040304,6,10,healthy
Biomarker 0,89,8.180527181087518,5,10,healthy
Biomarker 0,90,7.789142596442415,1,10,healthy
Biomarker 0,91,7.940571256817311,5,10,healthy
Biomarker 0,92,7.686068937486856,6,10,healthy
Biomarker 0,93,7.86562784238317,2,10,healthy
Biomarker 0,94,7.885391695838586,0,10,healthy
Biomarker 0,95,7.919867061151834,5,10,healthy
Biomarker 0,96,8.022039035645003,5,10,healthy
Biomarker 0,97,7.981133047524992,6,10,healthy
Biomarker 0,98,7.840533619964719,9,10,healthy
Biomarker 0,99,7.8632931183091985,1,10,healthy
Biomarker 1,0,0.7668094251144933,10,3,diseased
Biomarker 1,1,0.7211054310960742,6,3,diseased
Biomarker 1,2,0.11191129081215782,9,3,diseased
Biomarker 1,3,0.7131929811355183,4,3,diseased
Biomarker 1,4,-0.10075989721367769,4,3,diseased
Biomarker 1,5,2.4893977318023133,1,3,healthy
Biomarker 1,6,0.9926085252955953,9,3,diseased
Biomarker 1,7,0.23234669242113354,3,3,diseased
Biomarker 1,8,2.2302859808213955,1,3,healthy
Biomarker 1,9,-0.5770504032511469,7,3,diseased
Biomarker 1,10,1.8675354613494348,2,3,healthy
Biomarker 1,11,-0.5421621442053963,7,3,diseased
Biomarker 1,12,-0.025228328023064146,8,3,diseased
Biomarker 1,13,0.09195950943299347,3,3,diseased
Biomarker 1,14,-0.2749435180665228,3,3,diseased
Biomarker 1,15,1.427748383089396,0,3,healthy
Biomarker 1,16,1.6383191065113114,0,3,healthy
Biomarker 1,17,1.390525261060309,0,3,healthy
Biomarker 1,18,2.1503352893655348,2,3,healthy
Biomarker 1,19,1.2674498760743425,2,3,healthy
Biomarker 1,20,1.4256408729144168,0,3,healthy
Biomarker 1,21,0.13303140785104647,9,3,diseased
Biomarker 1,22,0.4769739796751796,4,3,diseased
Biomarker 1,23,-0.3911750456970491,7,3,diseased
Biomarker 1,24,0.26399704598665247,4,3,diseased
Biomarker 1,25,0.42461022986453234,8,3,diseased
Biomarker 1,26,1.3662279618033009,1,3,healthy
Biomarker 1,27,1.4731238044025692,1,3,healthy
Biomarker 1,28,0.9277965842496163,1,3,healthy
Biomarker 1,29,1.472767595819728,2,3,healthy
Biomarker 1,30,0.4015154144840089,6,3,diseased
Biomarker 1,31,0.46851782486713606,6,3,diseased
Biomarker 1,32,-0.4061623352376395,4,3,diseased
Biomarker 1,33,0.5959166713806751,3,3,diseased
Biomarker 1,34,0.7189036672288588,5,3,diseased
Biomarker 1,35,-0.46604182736789745,5,3,diseased
Biomarker 1,36,-0.6250088175784708,10,3,diseased
Biomarker 1,37,-0.2846789295696511,9,3,diseased
Biomarker 1,38,0.01802470877242276,5,3,diseased
Biomarker 1,39,0.5013246937375092,5,3,diseased
Biomarker 1,40,2.813899355736048,1,3,healthy
Biomarker 1,41,2.19437500544426,0,3,healthy
Biomarker 1,42,1.1312089445164635,6,3,diseased
Biomarker 1,43,0.2845240931652459,8,3,diseased
Biomarker 1,44,-0.6156211255233431,8,3,diseased
Biomarker 1,45,-0.07136620253247238,3,3,diseased
Biomarker 1,46,1.8997985932157655,1,3,healthy
Biomarker 1,47,1.3660274650192759,2,3,healthy
Biomarker 1,48,2.7448332068383157,2,3,healthy
Biomarker 1,49,2.6920752620054778,0,3,healthy
Biomarker 1,50,1.0138366869022444,1,3,healthy
Biomarker 1,51,0.5629010361206271,5,3,diseased
Biomarker 1,52,0.4993517131140677,6,3,diseased
Biomarker 1,53,-0.4520755673261252,4,3,diseased
Biomarker 1,54,0.17183138661295627,5,3,diseased
Biomarker 1,55,1.893487530594874,2,3,healthy
Biomarker 1,56,-0.27075460829101766,8,3,diseased
Biomarker 1,57,0.2950856137145215,9,3,diseased
Biomarker 1,58,0.20242543848746974,10,3,diseased
Biomarker 1,59,1.706929063235134,1,3,healthy
Biomarker 1,60,1.0961688940698335,2,3,healthy
Biomarker 1,61,0.28881081609656634,8,3,diseased
Biomarker 1,62,0.20219624613868964,8,3,diseased
Biomarker 1,63,-0.6425910767026427,4,3,diseased
Biomarker 1,64,1.9751505328534489,2,3,healthy
Biomarker 1,65,-1.042154029380603,3,3,diseased
Biomarker 1,66,1.7719570935222684,0,3,healthy
Biomarker 1,67,0.8466037801613373,9,3,diseased
Biomarker 1,68,0.7206672932960974,6,3,diseased
Biomarker 1,69,-0.42665823375513784,8,3,diseased
Biomarker 1,70,1.9551160190094032,2,3,healthy
Biomarker 1,71,0.47841555039346956,4,3,diseased
Biomarker 1,72,-0.4124985366683219,4,3,diseased
Biomarker 1,73,0.4525427176017656,5,3,diseased
Biomarker 1,74,2.397842349260014,2,3,healthy
Biomarker 1,75,0.12749751495845815,9,3,diseased
Biomarker 1,76,0.11539599317386998,6,3,diseased
Biomarker 1,77,1.2734807386510014,0,3,healthy
Biomarker 1,78,-0.27132352515920216,7,3,diseased
Biomarker 1,79,-0.39652612931054626,8,3,diseased
Biomarker 1,80,0.15631175550806384,10,3,diseased
Biomarker 1,81,0.17019015631834655,9,3,diseased
Biomarker 1,82,0.06909147460583186,7,3,diseased
Biomarker 1,83,1.5230306507914724,0,3,healthy
Biomarker 1,84,0.24451976480596496,8,3,diseased
Biomarker 1,85,0.2947682324388611,9,3,diseased
Biomarker 1,86,-0.013254492488735883,5,3,diseased
Biomarker 1,87,-0.3552701005525171,6,3,diseased
Biomarker 1,88,0.6919073810749898,6,3,diseased
Biomarker 1,89,-0.13575178279810024,5,3,diseased
Biomarker 1,90,0.7637574240316725,1,3,healthy
Biomarker 1,91,-0.15593927961564513,5,3,diseased
Biomarker 1,92,0.4602635812072697,6,3,diseased
Biomarker 1,93,1.6971962597760926,2,3,healthy
Biomarker 1,94,0.3868360441086838,0,3,healthy
Biomarker 1,95,0.8052062792012292,5,3,diseased
Biomarker 1,96,-0.7906146871389406,5,3,diseased
Biomarker 1,97,-0.6640028617813462,6,3,diseased
Biomarker 1,98,0.3176046191819955,9,3,diseased
Biomarker 1,99,2.0079318202017977,1,3,healthy
Biomarker 2,0,5.192528060602292,10,2,diseased
Biomarker 2,1,6.5735897273146096,6,2,diseased
Biomarker 2,2,6.306811889257354,9,2,diseased
Biomarker 2,3,4.836395483100647,4,2,diseased
Biomarker 2,4,5.14593252106876,4,2,diseased
Biomarker 2,5,3.9951795691131613,1,2,healthy
Biomarker 2,6,6.082483125332029,9,2,diseased
Biomarker 2,7,6.453430815344324,3,2,diseased
Biomarker 2,8,3.999328735528785,1,2,healthy
Biomarker 2,9,6.662381858918415,7,2,diseased
Biomarker 2,10,5.282570883761818,2,2,diseased
Biomarker 2,11,6.1143952896269225,7,2,diseased
Biomarker 2,12,6.5197487739494075,8,2,diseased
Biomarker 2,13,7.310269795216747,3,2,diseased
Biomarker 2,14,6.713709165228301,3,2,diseased
Biomarker 2,15,3.995692377631294,0,2,healthy
Biomarker 2,16,4.009846361611365,0,2,healthy
Biomarker 2,17,3.9967610606650323,0,2,healthy
Biomarker 2,18,6.2274977810775685,2,2,diseased
Biomarker 2,19,6.886885000461776,2,2,diseased
Biomarker 2,20,4.007288009298933,0,2,healthy
Biomarker 2,21,6.263538873613796,9,2,diseased
Biomarker 2,22,5.135016695445496,4,2,diseased
Biomarker 2,23,5.949644400366905,7,2,diseased
Biomarker 2,24,5.14024177147552,4,2,diseased
Biomarker 2,25,5.863749836408206,8,2,diseased
Biomarker 2,26,4.00069497570435,1,2,healthy
Biomarker 2,27,4.000482357684108,1,2,healthy
Biomarker 2,28,3.9964480953429864,1,2,healthy
Biomarker 2,29,4.626930843064445,2,2,diseased
Biomarker 2,30,5.955346181782936,6,2,diseased
Biomarker 2,31,5.5983688745886,6,2,diseased
Biomarker 2,32,4.145782054572152,4,2,diseased
Biomarker 2,33,5.953925502891054,3,2,diseased
Biomarker 2,34,5.482210671727445,5,2,diseased
Biomarker 2,35,6.153132110255953,5,2,diseased
Biomarker 2,36,4.079022745516408,10,2,diseased
Biomarker 2,37,6.179220773280513,9,2,diseased
Biomarker 2,38,6.776624403733381,5,2,diseased
Biomarker 2,39,6.868776633850409,5,2,diseased
Biomarker 2,40,4.00531200177989,1,2,healthy
Biomarker 2,41,4.002125246170808,0,2,healthy
Biomarker 2,42,5.138415764048716,6,2,diseased
Biomarker 2,43,4.963350452302671,8,2,diseased
Biomarker 2,44,5.679838734617984,8,2,diseased
Biomarker 2,45,6.491376770344881,3,2,diseased
Biomarker 2,46,3.998519826532432,1,2,healthy
Biomarker 2,47,5.668172031454552,2,2,diseased
Biomarker 2,48,6.50862799768006,2,2,diseased
Biomarker 2,49,3.994563085687215,0,2,healthy
Biomarker 2,50,4.000788007577618,1,2,healthy
Biomarker 2,51,5.728074481700037,5,2,diseased
Biomarker 2,52,7.2242343714596435,6,2,diseased
Biomarker 2,53,7.075561105934584,4,2,diseased
Biomarker 2,54,6.708813819147269,5,2,diseased
Biomarker 2,55,6.012651311713924,2,2,diseased
Biomarker 2,56,6.530073145133872,8,2,diseased
Biomarker 2,57,3.427985836257244,9,2,diseased
Biomarker 2,58,6.23332200065135,10,2,diseased
Biomarker 2,59,3.99746524613965,1,2,healthy
Biomarker 2,60,6.085757500252719,2,2,diseased
Biomarker 2,61,5.474340796217779,8,2,diseased
Biomarker 2,62,6.361786890202732,8,2,diseased
Biomarker 2,63,5.956989888066023,4,2,diseased
Biomarker 2,64,6.403521935862147,2,2,diseased
Biomarker 2,65,5.265485133150068,3,2,diseased
Biomarker 2,66,4.008218578011291,0,2,healthy
Biomarker 2,67,5.865359029459693,9,2,diseased
Biomarker 2,68,6.504152583005542,6,2,diseased
Biomarker 2,69,5.423979912834351,8,2,diseased
Biomarker 2,70,6.18793815467327,2,2,diseased
Biomarker 2,71,5.737670341898561,4,2,diseased
Biomarker 2,72,7.168131220356999,4,2,diseased
Biomarker 2,73,5.610661930620187,5,2,diseased
Biomarker 2,74,7.099192372350174,2,2,diseased
Biomarker 2,75,5.921235879169728,9,2,diseased
Biomarker 2,76,5.731244514437416,6,2,diseased
Biomarker 2,77,4.0047002852424844,0,2,healthy
Biomarker 2,78,6.365044185138612,7,2,diseased
Biomarker 2,79,5.589960424750755,8,2,diseased
Biomarker 2,80,5.62938845931571,10,2,diseased
Biomarker 2,81,5.129000518702724,9,2,diseased
Biomarker 2,82,4.970168583715105,7,2,diseased
Biomarker 2,83,3.998021968243053,0,2,healthy
Biomarker 2,84,4.394010227953059,8,2,diseased
Biomarker 2,85,6.787599457541416,9,2,diseased
Biomarker 2,86,6.937084497770206,5,2,diseased
Biomarker 2,87,4.591531050284538,6,2,diseased
Biomarker 2,88,6.105833354871842,6,2,diseased
Biomarker 2,89,4.62492323881947,5,2,diseased
Biomarker 2,90,4.001074502272555,1,2,healthy
Biomarker 2,91,6.094859351078619,5,2,diseased
Biomarker 2,92,5.476222346380281,6,2,diseased
Biomarker 2,93,5.409435862259077,2,2,diseased
Biomarker 2,94,4.00623701905565,0,2,healthy
Biomarker 2,95,5.378284635039201,5,2,diseased
Biomarker 2,96,6.367177524871476,5,2,diseased
Biomarker 2,97,6.9490282915562505,6,2,diseased
Biomarker 2,98,4.87067651381735,9,2,diseased
Biomarker 2,99,3.9920659618040317,1,2,healthy
Biomarker 3,0,7.996823455035461,10,7,diseased
Biomarker 3,1,0.8267748454642505,6,7,healthy
Biomarker 3,2,7.81491185341634,9,7,diseased
Biomarker 3,3,1.0586401069853448,4,7,healthy
Biomarker 3,4,1.0120874677831562,4,7,healthy
Biomarker 3,5,0.8249757407415802,1,7,healthy
Biomarker 3,6,8.066414362980753,9,7,diseased
Biomarker 3,7,1.1186062245009656,3,7,healthy
Biomarker 3,8,1.0698602930167125,1,7,healthy
Biomarker 3,9,7.822815741285692,7,7,diseased
Biomarker 3,10,1.0294575559266832,2,7,healthy
Biomarker 3,11,8.089669820072835,7,7,diseased
Biomarker 3,12,7.517750960161696,8,7,diseased
Biomarker 3,13,1.0824796938191406,3,7,healthy
Biomarker 3,14,0.952213665038608,3,7,healthy
Biomarker 3,15,0.8954486632570973,0,7,healthy
Biomarker 3,16,1.2541941580211837,0,7,healthy
Biomarker 3,17,0.9826624447438539,0,7,healthy
Biomarker 3,18,1.0460018029863247,2,7,healthy
Biomarker 3,19,1.061567624566556,2,7,healthy
Biomarker 3,20,0.9453761296150126,0,7,healthy
Biomarker 3,21,8.189666719262666,9,7,diseased
Biomarker 3,22,0.9147858067047154,4,7,healthy
Biomarker 3,23,7.888055748895208,7,7,diseased
Biomarker 3,24,1.0393435560989872,4,7,healthy
Biomarker 3,25,7.276869599372785,8,7,diseased
Biomarker 3,26,0.8870334141161355,1,7,healthy
Biomarker 3,27,1.2021020772512623,1,7,healthy
Biomarker 3,28,1.099370145348664,1,7,healthy
Biomarker 3,29,0.9454763182690659,2,7,healthy
Biomarker 3,30,0.9162914246840456,6,7,healthy
Biomarker 3,31,1.1010961589035237,6,7,healthy
Biomarker 3,32,1.0674595326142036,4,7,healthy
Biomarker 3,33,1.0339501973761558,3,7,healthy
Biomarker 3,34,0.8923783826738639,5,7,healthy
Biomarker 3,35,1.00018192757575,5,7,healthy
Biomarker 3,36,8.301640092653775,10,7,diseased
Biomarker 3,37,8.061179292025919,9,7,diseased
Biomarker 3,38,1.1220459195223378,5,7,healthy
Biomarker 3,39,0.8714935241231373,5,7,healthy
Biomarker 3,40,1.0384426973264764,1,7,healthy
Biomarker 3,41,1.1080930872801964,0,7,healthy
Biomarker 3,42,0.8732072745372025,6,7,healthy
Biomarker 3,43,7.794164660852924,8,7,diseased
Biomarker 3,44,7.6843776874642,8,7,diseased
Biomarker 3,45,1.0670048076424132,3,7,healthy
Biomarker 3,46,0.9137898764321376,1,7,healthy
Biomarker 3,47,0.9389769117530351,2,7,healthy
Biomarker 3,48,1.021066742253668,2,7,healthy
Biomarker 3,49,0.8528069315011106,0,7,healthy
Biomarker 3,50,1.0484395184782282,1,7,healthy
Biomarker 3,51,1.0610133808489783,5,7,healthy
Biomarker 3,52,1.0076387774727416,6,7,healthy
Biomarker 3,53,1.015129714557427,4,7,healthy
Biomarker 3,54,1.0764046453531597,5,7,healthy
Biomarker 3,55,1.009038155851142,2,7,healthy
Biomarker 3,56,8.083502830457771,8,7,diseased
Biomarker 3,57,8.332459680183923,9,7,diseased
Biomarker 3,58,8.145943158739637,10,7,diseased
Biomarker 3,59,1.0694439267413904,1,7,healthy
Biomarker 3,60,1.1115692953545087,2,7,healthy
Biomarker 3,61,7.628311513510226,8,7,diseased
Biomarker 3,62,7.982529193501021,8,7,diseased
Biomarker 3,63,1.069173319820838,4,7,healthy
Biomarker 3,64,1.158867349768497,2,7,healthy
Biomarker 3,65,1.0368727187144822,3,7,healthy
Biomarker 3,66,1.083847849689818,0,7,healthy
Biomarker 3,67,8.53553977249371,9,7,diseased
Biomarker 3,68,1.093597498532112,6,7,healthy
Biomarker 3,69,7.776555893540917,8,7,diseased
Biomarker 3,70,0.904697457602003,2,7,healthy
Biomarker 3,71,1.00289547022735,4,7,healthy
Biomarker 3,72,1.1500800088236982,4,7,healthy
Biomarker 3,73,0.9548303138176629,5,7,healthy
Biomarker 3,74,0.9452412109922235,2,7,healthy
Biomarker 3,75,7.654916360109521,9,7,diseased
Biomarker 3,76,1.1408100659238345,6,7,healthy
Biomarker 3,77,0.9219661478542824,0,7,healthy
Biomarker 3,78,8.001772378833097,7,7,diseased
Biomarker 3,79,8.095104575377126,8,7,diseased
Biomarker 3,80,7.740202440956454,10,7,diseased
Biomarker 3,81,7.670691857921383,9,7,diseased
Biomarker 3,82,8.15896821563303,7,7,diseased
Biomarker 3,83,0.9566270092527999,0,7,healthy
Biomarker 3,84,8.456746500885362,8,7,diseased
Biomarker 3,85,7.62234848307452,9,7,diseased
Biomarker 3,86,1.0807637413314917,5,7,healthy
Biomarker 3,87,0.925680759159112,6,7,healthy
Biomarker 3,88,0.9620092313265967,6,7,healthy
Biomarker 3,89,1.020504046241051,5,7,healthy
Biomarker 3,90,0.9547658641793686,1,7,healthy
Biomarker 3,91,0.8615993468760836,5,7,healthy
Biomarker 3,92,1.1878181928179954,6,7,healthy
Biomarker 3,93,1.0452528602054365,2,7,healthy
Biomarker 3,94,0.9758081497561654,0,7,healthy
Biomarker 3,95,1.0737253156748836,5,7,healthy
Biomarker 3,96,1.006343713365096,5,7,healthy
Biomarker 3,97,0.9928614477130843,6,7,healthy
Biomarker 3,98,7.824878077497377,9,7,diseased
Biomarker 3,99,1.0654557421287696,1,7,healthy
Biomarker 4,0,8.23602838839005,10,9,diseased
Biomarker 4,1,5.856499081593275,6,9,healthy
Biomarker 4,2,7.874224182777755,9,9,diseased
Biomarker 4,3,5.6552086483691255,4,9,healthy
Biomarker 4,4,6.21783375040029,4,9,healthy
Biomarker 4,5,5.8092045107418055,1,9,healthy
Biomarker 4,6,8.336770968693605,9,9,diseased
Biomarker 4,7,6.0971530282233015,3,9,healthy
Biomarker 4,8,5.839366054471145,1,9,healthy
Biomarker 4,9,6.156558837977715,7,9,healthy
Biomarker 4,10,6.157895294826867,2,9,healthy
Biomarker 4,11,6.310796620283196,7,9,healthy
Biomarker 4,12,5.711173445979971,8,9,healthy
Biomarker 4,13,5.998434885178425,3,9,healthy
Biomarker 4,14,5.953103949956901,3,9,healthy
Biomarker 4,15,6.150315240269368,0,9,healthy
Biomarker 4,16,5.931026950552922,0,9,healthy
Biomarker 4,17,5.352509466852799,0,9,healthy
Biomarker 4,18,6.341707098317119,2,9,healthy
Biomarker 4,19,6.0316064625415935,2,9,healthy
Biomarker 4,20,5.7469159553781965,0,9,healthy
Biomarker 4,21,8.244894979873346,9,9,diseased
Biomarker 4,22,6.336365484446313,4,9,healthy
Biomarker 4,23,6.081580589003041,7,9,healthy
Biomarker 4,24,6.555140562910728,4,9,healthy
Biomarker 4,25,6.5893894466319125,8,9,healthy
Biomarker 4,26,6.0582263586566345,1,9,healthy
Biomarker 4,27,6.245290758543684,1,9,healthy
Biomarker 4,28,5.656268721014751,1,9,healthy
Biomarker 4,29,5.8421679879906945,2,9,healthy
Biomarker 4,30,5.63488407779769,6,9,healthy
Biomarker 4,31,5.436259516386891,6,9,healthy
Biomarker 4,32,6.302337039973177,4,9,healthy
Biomarker 4,33,5.939427158112474,3,9,healthy
Biomarker 4,34,6.3648986788807065,5,9,healthy
Biomarker 4,35,5.956783126234168,5,9,healthy
Biomarker 4,36,8.177283956817824,10,9,diseased
Biomarker 4,37,8.482545647124494,9,9,diseased
Biomarker 4,38,5.623458232435394,5,9,healthy
Biomarker 4,39,5.875737909164479,5,9,healthy
Biomarker 4,40,6.363333388669196,1,9,healthy
Biomarker 4,41,6.108116689932242,0,9,healthy
Biomarker 4,42,6.267632711692014,6,9,healthy
Biomarker 4,43,5.548767751871023,8,9,healthy
Biomarker 4,44,6.030838687873089,8,9,healthy
Biomarker 4,45,6.186487386490018,3,9,healthy
Biomarker 4,46,5.670858612862786,1,9,healthy
Biomarker 4,47,6.82462321146669,2,9,healthy
Biomarker 4,48,6.416757122646143,2,9,healthy
Biomarker 4,49,6.379134583054122,0,9,healthy
Biomarker 4,50,6.392342083348677,1,9,healthy
Biomarker 4,51,5.3492130345769935,5,9,healthy
Biomarker 4,52,6.720491455997585,6,9,healthy
Biomarker 4,53,6.174049973280295,4,9,healthy
Biomarker 4,54,6.006292637505949,5,9,healthy
Biomarker 4,55,5.870486411113361,2,9,healthy
Biomarker 4,56,6.135109898456248,8,9,healthy
Biomarker 4,57,7.71246878887225,9,9,diseased
Biomarker 4,58,8.533435982269662,10,9,diseased
Biomarker 4,59,6.088501563635538,1,9,healthy
Biomarker 4,60,5.627901076881645,2,9,healthy
Biomarker 4,61,5.531885186004217,8,9,healthy
Biomarker 4,62,5.54643967440392,8,9,healthy
Biomarker 4,63,5.8270026298618225,4,9,healthy
Biomarker 4,64,6.407481379580239,2,9,healthy
Biomarker 4,65,5.925993147067782,3,9,healthy
Biomarker 4,66,6.587191921713136,0,9,healthy
Biomarker 4,67,7.582852473376284,9,9,diseased
Biomarker 4,68,6.33397145989032,6,9,healthy
Biomarker 4,69,5.589218067647578,8,9,healthy
Biomarker 4,70,6.525513109228555,2,9,healthy
Biomarker 4,71,5.904455548148695,4,9,healthy
Biomarker 4,72,6.181767900150081,4,9,healthy
Biomarker 4,73,5.932471984696341,5,9,healthy
Biomarker 4,74,6.525053409150564,2,9,healthy
Biomarker 4,75,7.6296244833803994,9,9,diseased
Biomarker 4,76,5.6346894862461125,6,9,healthy
Biomarker 4,77,5.671217585814053,0,9,healthy
Biomarker 4,78,5.530189226241631,7,9,healthy
Biomarker 4,79,6.532861772660487,8,9,healthy
Biomarker 4,80,8.261438495468466,10,9,diseased
Biomarker 4,81,8.266032712175246,9,9,diseased
Biomarker 4,82,6.438005978642197,7,9,healthy
Biomarker 4,83,6.077823692759639,0,9,healthy
Biomarker 4,84,6.044170038295349,8,9,healthy
Biomarker 4,85,8.284444132333055,9,9,diseased
Biomarker 4,86,5.5056694249296125,5,9,healthy
Biomarker 4,87,6.486658441806344,6,9,healthy
Biomarker 4,88,5.539352189883038,6,9,healthy
Biomarker 4,89,5.696522045028376,5,9,healthy
Biomarker 4,90,6.5686320329785,1,9,healthy
Biomarker 4,91,5.899012553583874,5,9,healthy
Biomarker 4,92,5.6536198507246445,6,9,healthy
Biomarker 4,93,6.093809171899388,2,9,healthy
Biomarker 4,94,5.433606678408896,0,9,healthy
Biomarker 4,95,6.27797747606756,5,9,healthy
Biomarker 4,96,6.250971455207065,5,9,healthy
Biomarker 4,97,5.955251754871616,6,9,healthy
Biomarker 4,98,7.952344073048604,9,9,diseased
Biomarker 4,99,6.2320796419925335,1,9,healthy
Biomarker 5,0,-0.18786753525219524,10,6,diseased
Biomarker 5,1,1.6859688540316191,6,6,diseased
Biomarker 5,2,0.7361783031673744,9,6,diseased
Biomarker 5,3,0.024998434148253226,4,6,healthy
Biomarker 5,4,-0.8452295901882505,4,6,healthy
Biomarker 5,5,-0.12564599868233428,1,6,healthy
Biomarker 5,6,0.4972858691972549,9,6,diseased
Biomarker 5,7,-0.9572911050900733,3,6,healthy
Biomarker 5,8,-1.170465960173897,1,6,healthy
Biomarker 5,9,0.147229608219547,7,6,diseased
Biomarker 5,10,0.4218280344942835,2,6,healthy
Biomarker 5,11,1.778398248873068,7,6,diseased
Biomarker 5,12,0.35548720980686777,8,6,diseased
Biomarker 5,13,0.1909076374123847,3,6,healthy
Biomarker 5,14,0.5601610847244203,3,6,healthy
Biomarker 5,15,1.0773713952148993,0,6,healthy
Biomarker 5,16,0.9467528456347775,0,6,healthy
Biomarker 5,17,0.41592991255477985,0,6,healthy
Biomarker 5,18,-0.04363306862921192,2,6,healthy
Biomarker 5,19,0.4193222482185481,2,6,healthy
Biomarker 5,20,0.1636260349653722,0,6,healthy
Biomarker 5,21,1.2901256552574956,9,6,diseased
Biomarker 5,22,0.14843601985148583,4,6,healthy
Biomarker 5,23,1.4399458230695124,7,6,diseased
Biomarker 5,24,-1.238287798181161,4,6,healthy
Biomarker 5,25,1.6306156608603095,8,6,diseased
Biomarker 5,26,0.005213382139999156,1,6,healthy
Biomarker 5,27,-0.23442537081332404,1,6,healthy
Biomarker 5,28,0.23551506028623012,1,6,healthy
Biomarker 5,29,0.08254818478493195,2,6,healthy
Biomarker 5,30,1.7767272537944372,6,6,diseased
Biomarker 5,31,2.0931533660439117,6,6,diseased
Biomarker 5,32,0.9523328761657098,4,6,healthy
Biomarker 5,33,-1.3018810563591505,3,6,healthy
Biomarker 5,34,2.052588856072239,5,6,healthy
Biomarker 5,35,-1.2487027893762601,5,6,healthy
Biomarker 5,36,0.5737981939518599,10,6,diseased
Biomarker 5,37,1.4750806162344157,9,6,diseased
Biomarker 5,38,0.20729597995843047,5,6,healthy
Biomarker 5,39,-1.3015566602494355,5,6,healthy
Biomarker 5,40,0.07779123537338963,1,6,healthy
Biomarker 5,41,0.7377947045612675,0,6,healthy
Biomarker 5,42,0.7848072627303805,6,6,diseased
Biomarker 5,43,0.8642730430067194,8,6,diseased
Biomarker 5,44,1.4932215706941547,8,6,diseased
Biomarker 5,45,-0.20641042783196417,3,6,healthy
Biomarker 5,46,-0.48132884977387425,1,6,healthy
Biomarker 5,47,-1.548338155042882,2,6,healthy
Biomarker 5,48,0.5918624257858727,2,6,healthy
Biomarker 5,49,0.9600816787531464,0,6,healthy
Biomarker 5,50,0.9383043009743676,1,6,healthy
Biomarker 5,51,1.1774911077281451,5,6,healthy
Biomarker 5,52,0.7135106847055901,6,6,diseased
Biomarker 5,53,1.651591886349554,4,6,healthy
Biomarker 5,54,0.8053446563752509,5,6,healthy
Biomarker 5,55,0.021105629220602502,2,6,healthy
Biomarker 5,56,0.6949591014579044,8,6,diseased
Biomarker 5,57,0.15693487006275397,9,6,diseased
Biomarker 5,58,1.5017836691758788,10,6,diseased
Biomarker 5,59,-0.9240627945735513,1,6,healthy
Biomarker 5,60,0.8253984204361646,2,6,healthy
Biomarker 5,61,0.9931456105854545,8,6,diseased
Biomarker 5,62,0.46074073357495515,8,6,diseased
Biomarker 5,63,-1.686284848680328,4,6,healthy
Biomarker 5,64,-0.6630453814687091,2,6,healthy
Biomarker 5,65,-1.3906635553222084,3,6,healthy
Biomarker 5,66,0.7101423496509385,0,6,healthy
Biomarker 5,67,1.271430378467525,9,6,diseased
Biomarker 5,68,0.8256489903080453,6,6,diseased
Biomarker 5,69,1.0291227960084752,8,6,diseased
Biomarker 5,70,0.9434663066630722,2,6,healthy
Biomarker 5,71,0.012424326111113299,4,6,healthy
Biomarker 5,72,-0.6772752369256224,4,6,healthy
Biomarker 5,73,-0.768640664517549,5,6,healthy
Biomarker 5,74,1.3492675098061415,2,6,healthy
Biomarker 5,75,1.1680214200512171,9,6,diseased
Biomarker 5,76,0.6750960015040766,6,6,diseased
Biomarker 5,77,-0.781895057399348,0,6,healthy
Biomarker 5,78,0.8899933731090649,7,6,diseased
Biomarker 5,79,1.2066988401438592,8,6,diseased
Biomarker 5,80,0.505484250732191,10,6,diseased
Biomarker 5,81,1.569265213510906,9,6,diseased
Biomarker 5,82,1.5035021296533517,7,6,diseased
Biomarker 5,83,-0.3075622378774862,0,6,healthy
Biomarker 5,84,0.5225380131738586,8,6,diseased
Biomarker 5,85,1.0254803320228665,9,6,diseased
Biomarker 5,86,0.44129976401554594,5,6,healthy
Biomarker 5,87,1.252221647273525,6,6,diseased
Biomarker 5,88,0.3635188300079536,6,6,diseased
Biomarker 5,89,1.2172742071226832,5,6,healthy
Biomarker 5,90,-0.03200145597009766,1,6,healthy
Biomarker 5,91,-0.09377750054836986,5,6,healthy
Biomarker 5,92,0.7528593658844962,6,6,diseased
Biomarker 5,93,-0.7630050223227037,2,6,healthy
Biomarker 5,94,1.2825945896326414,0,6,healthy
Biomarker 5,95,-0.2119668956482976,5,6,healthy
Biomarker 5,96,0.3126136722526391,5,6,healthy
Biomarker 5,97,1.1622693958159491,6,6,diseased
Biomarker 5,98,0.8734316985781949,9,6,diseased
Biomarker 5,99,-0.9556921463926646,1,6,healthy
Biomarker 6,0,6.905543812886848,10,5,diseased
Biomarker 6,1,6.936729426418584,6,5,diseased
Biomarker 6,2,6.904970680705904,9,5,diseased
Biomarker 6,3,5.2161095221894485,4,5,healthy
Biomarker 6,4,4.254074554482938,4,5,healthy
Biomarker 6,5,3.8506625074760055,1,5,healthy
Biomarker 6,6,6.9705520534262595,9,5,diseased
Biomarker 6,7,4.789264598033638,3,5,healthy
Biomarker 6,8,3.5724662623379624,1,5,healthy
Biomarker 6,9,7.052593195646089,7,5,diseased
Biomarker 6,10,3.885861196956173,2,5,healthy
Biomarker 6,11,7.076206026289899,7,5,diseased
Biomarker 6,12,6.962386426810535,8,5,diseased
Biomarker 6,13,4.984401270193217,3,5,healthy
Biomarker 6,14,3.7049116642740603,3,5,healthy
Biomarker 6,15,3.657799337049764,0,5,healthy
Biomarker 6,16,3.344084407437945,0,5,healthy
Biomarker 6,17,4.15043061521174,0,5,healthy
Biomarker 6,18,4.551038231984598,2,5,healthy
Biomarker 6,19,4.780133851373066,2,5,healthy
Biomarker 6,20,4.508346462444205,0,5,healthy
Biomarker 6,21,6.935996817774858,9,5,diseased
Biomarker 6,22,4.18865258946331,4,5,healthy
Biomarker 6,23,7.136953454000313,7,5,diseased
Biomarker 6,24,4.106061549092482,4,5,healthy
Biomarker 6,25,7.022204693277501,8,5,diseased
Biomarker 6,26,3.6818232979951087,1,5,healthy
Biomarker 6,27,4.113558696909658,1,5,healthy
Biomarker 6,28,4.140670307735563,1,5,healthy
Biomarker 6,29,2.671208637171018,2,5,healthy
Biomarker 6,30,7.032208082461499,6,5,diseased
Biomarker 6,31,6.994144782158942,6,5,diseased
Biomarker 6,32,3.4628277441366384,4,5,healthy
Biomarker 6,33,3.581487783053029,3,5,healthy
Biomarker 6,34,7.178709649210716,5,5,diseased
Biomarker 6,35,6.990532182459745,5,5,diseased
Biomarker 6,36,6.989893299360363,10,5,diseased
Biomarker 6,37,6.979090899499197,9,5,diseased
Biomarker 6,38,7.051412976023441,5,5,diseased
Biomarker 6,39,6.908398143895162,5,5,diseased
Biomarker 6,40,3.8698824573331536,1,5,healthy
Biomarker 6,41,5.044580217978212,0,5,healthy
Biomarker 6,42,7.055081183620952,6,5,diseased
Biomarker 6,43,7.057966220379753,8,5,diseased
Biomarker 6,44,7.0043612232938885,8,5,diseased
Biomarker 6,45,5.229253287100528,3,5,healthy
Biomarker 6,46,2.3294428406205743,1,5,healthy
Biomarker 6,47,2.9013950366412935,2,5,healthy
Biomarker 6,48,2.5086724087246797,2,5,healthy
Biomarker 6,49,4.216716773162732,0,5,healthy
Biomarker 6,50,4.599800713490601,1,5,healthy
Biomarker 6,51,7.015590012361941,5,5,diseased
Biomarker 6,52,6.868225074076078,6,5,diseased
Biomarker 6,53,5.5431879180516965,4,5,healthy
Biomarker 6,54,7.013303983845919,5,5,diseased
Biomarker 6,55,3.217581410238171,2,5,healthy
Biomarker 6,56,6.9876163264047335,8,5,diseased
Biomarker 6,57,6.9774999883280096,9,5,diseased
Biomarker 6,58,6.92125923619166,10,5,diseased
Biomarker 6,59,3.9444670975632112,1,5,healthy
Biomarker 6,60,4.386246520548367,2,5,healthy
Biomarker 6,61,6.945058634326544,8,5,diseased
Biomarker 6,62,7.045072205363546,8,5,diseased
Biomarker 6,63,2.7750696853101022,4,5,healthy
Biomarker 6,64,4.268389776054288,2,5,healthy
Biomarker 6,65,3.1077745583094964,3,5,healthy
Biomarker 6,66,3.0857555888856094,0,5,healthy
Biomarker 6,67,6.97811768529335,9,5,diseased
Biomarker 6,68,7.035463049253672,6,5,diseased
Biomarker 6,69,7.1221834718090635,8,5,diseased
Biomarker 6,70,3.197252912953854,2,5,healthy
Biomarker 6,71,3.987855326263711,4,5,healthy
Biomarker 6,72,4.054426705349355,4,5,healthy
Biomarker 6,73,7.09901769952834,5,5,diseased
Biomarker 6,74,2.800051803404452,2,5,healthy
Biomarker 6,75,7.026616181486537,9,5,diseased
Biomarker 6,76,7.107777426115628,6,5,diseased
Biomarker 6,77,3.5807244584614124,0,5,healthy
Biomarker 6,78,7.075063611099813,7,5,diseased
Biomarker 6,79,7.081540964733844,8,5,diseased
Biomarker 6,80,6.992317162678122,10,5,diseased
Biomarker 6,81,6.941412463061436,9,5,diseased
Biomarker 6,82,6.991877170898208,7,5,diseased
Biomarker 6,83,4.373593210296075,0,5,healthy
Biomarker 6,84,6.968156410501823,8,5,diseased
Biomarker 6,85,7.107238096077518,9,5,diseased
Biomarker 6,86,6.912437988166159,5,5,diseased
Biomarker 6,87,6.98738449235792,6,5,diseased
Biomarker 6,88,7.090558445978258,6,5,diseased
Biomarker 6,89,7.0910081999427,5,5,diseased
Biomarker 6,90,4.626280243581465,1,5,healthy
Biomarker 6,91,6.9016026074299175,5,5,diseased
Biomarker 6,92,6.979048030113955,6,5,diseased
Biomarker 6,93,4.323632451934681,2,5,healthy
Biomarker 6,94,4.587549045598316,0,5,healthy
Biomarker 6,95,6.966555615784846,5,5,diseased
Biomarker 6,96,6.9997460953244595,5,5,diseased
Biomarker 6,97,7.020765311614519,6,5,diseased
Biomarker 6,98,7.016624803655381,9,5,diseased
Biomarker 6,99,3.498752043830049,1,5,healthy
Biomarker 7,0,5.108389452655426,10,1,diseased
Biomarker 7,1,6.209207611803081,6,1,diseased
Biomarker 7,2,5.919998996787485,9,1,diseased
Biomarker 7,3,6.614965721117496,4,1,diseased
Biomarker 7,4,6.473039923648701,4,1,diseased
Biomarker 7,5,5.415241079635703,1,1,diseased
Biomarker 7,6,6.152354994546632,9,1,diseased
Biomarker 7,7,4.777372983100371,3,1,diseased
Biomarker 7,8,6.856612139450802,1,1,diseased
Biomarker 7,9,5.272692968781539,7,1,diseased
Biomarker 7,10,7.333050095195625,2,1,diseased
Biomarker 7,11,5.22056454391246,7,1,diseased
Biomarker 7,12,5.4490392980675635,8,1,diseased
Biomarker 7,13,6.297075075740038,3,1,diseased
Biomarker 7,14,6.2131525120370314,3,1,diseased
Biomarker 7,15,8.06472915371063,0,1,healthy
Biomarker 7,16,8.049802220653122,0,1,healthy
Biomarker 7,17,7.884619991759523,0,1,healthy
Biomarker 7,18,5.625154576157552,2,1,diseased
Biomarker 7,19,6.2649467069988045,2,1,diseased
Biomarker 7,20,8.002824106968593,0,1,healthy
Biomarker 7,21,5.061856738890419,9,1,diseased
Biomarker 7,22,6.332721056280801,4,1,diseased
Biomarker 7,23,6.524458550392261,7,1,diseased
Biomarker 7,24,5.959394423718977,4,1,diseased
Biomarker 7,25,4.988915840029826,8,1,diseased
Biomarker 7,26,6.120832962752978,1,1,diseased
Biomarker 7,27,5.18024104736251,1,1,diseased
Biomarker 7,28,5.408579757628906,1,1,diseased
Biomarker 7,29,6.241724548650061,2,1,diseased
Biomarker 7,30,6.479617095035644,6,1,diseased
Biomarker 7,31,5.384673758760999,6,1,diseased
Biomarker 7,32,6.958237643271596,4,1,diseased
Biomarker 7,33,5.578919271039612,3,1,diseased
Biomarker 7,34,6.272607983017725,5,1,diseased
Biomarker 7,35,6.306076188530854,5,1,diseased
Biomarker 7,36,3.890022065130409,10,1,diseased
Biomarker 7,37,6.0673365655691605,9,1,diseased
Biomarker 7,38,6.691042022036331,5,1,diseased
Biomarker 7,39,4.802523875729194,5,1,diseased
Biomarker 7,40,5.838864273998685,1,1,diseased
Biomarker 7,41,8.086918302751982,0,1,healthy
Biomarker 7,42,6.599395182949161,6,1,diseased
Biomarker 7,43,5.585288458624918,8,1,diseased
Biomarker 7,44,7.318595021442102,8,1,diseased
Biomarker 7,45,6.371781227419398,3,1,diseased
Biomarker 7,46,6.628788668973181,1,1,diseased
Biomarker 7,47,6.1899418747265305,2,1,diseased
Biomarker 7,48,6.850365667523168,2,1,diseased
Biomarker 7,49,8.007801985687168,0,1,healthy
Biomarker 7,50,5.983785069355061,1,1,diseased
Biomarker 7,51,6.4376814802450735,5,1,diseased
Biomarker 7,52,6.227952307791728,6,1,diseased
Biomarker 7,53,5.671607281223522,4,1,diseased
Biomarker 7,54,5.939428828744317,5,1,diseased
Biomarker 7,55,6.06068024389941,2,1,diseased
Biomarker 7,56,4.70348922428541,8,1,diseased
Biomarker 7,57,6.277250304868656,9,1,diseased
Biomarker 7,58,5.951577837878848,10,1,diseased
Biomarker 7,59,5.593414510166911,1,1,diseased
Biomarker 7,60,6.362774853059877,2,1,diseased
Biomarker 7,61,5.7397632926006,8,1,diseased
Biomarker 7,62,6.875852739053051,8,1,diseased
Biomarker 7,63,6.013733822351221,4,1,diseased
Biomarker 7,64,6.4900790493240965,2,1,diseased
Biomarker 7,65,5.750026965511463,3,1,diseased
Biomarker 7,66,7.874044639552135,0,1,healthy
Biomarker 7,67,6.004746975504932,9,1,diseased
Biomarker 7,68,6.422826361505781,6,1,diseased
Biomarker 7,69,6.1001049706871076,8,1,diseased
Biomarker 7,70,5.765389029556029,2,1,diseased
Biomarker 7,71,6.336055065110832,4,1,diseased
Biomarker 7,72,6.511816548802975,4,1,diseased
Biomarker 7,73,5.567193547768455,5,1,diseased
Biomarker 7,74,5.706384496745563,2,1,diseased
Biomarker 7,75,6.127399052100361,9,1,diseased
Biomarker 7,76,5.384431409746565,6,1,diseased
Biomarker 7,77,7.815260064189346,0,1,healthy
Biomarker 7,78,5.949822812791029,7,1,diseased
Biomarker 7,79,5.881589745604747,8,1,diseased
Biomarker 7,80,6.180664909520117,10,1,diseased
Biomarker 7,81,6.076863396519498,9,1,diseased
Biomarker 7,82,5.459672563725512,7,1,diseased
Biomarker 7,83,7.9920709726794295,0,1,healthy
Biomarker 7,84,6.144516485406486,8,1,diseased
Biomarker 7,85,6.7152964163567495,9,1,diseased
Biomarker 7,86,5.952388173459829,5,1,diseased
Biomarker 7,87,5.626467875237415,6,1,diseased
Biomarker 7,88,4.046265461453064,6,1,diseased
Biomarker 7,89,5.378034544625577,5,1,diseased
Biomarker 7,90,5.9770128726814,1,1,diseased
Biomarker 7,91,5.20885511388017,5,1,diseased
Biomarker 7,92,6.113597031915532,6,1,diseased
Biomarker 7,93,6.985959619487115,2,1,diseased
Biomarker 7,94,8.091566818157066,0,1,healthy
Biomarker 7,95,4.973499815916401,5,1,diseased
Biomarker 7,96,5.944664428259254,5,1,diseased
Biomarker 7,97,6.2790074030037095,6,1,diseased
Biomarker 7,98,6.024393400930614,9,1,diseased
Biomarker 7,99,6.080984064747029,1,1,diseased
Biomarker 8,0,3.0345145086103478,10,8,diseased
Biomarker 8,1,1.2636536033247079,6,8,healthy
Biomarker 8,2,3.0999156106187473,9,8,diseased
Biomarker 8,3,0.899620443003537,4,8,healthy
Biomarker 8,4,1.3813916049045893,4,8,healthy
Biomarker 8,5,1.0783088589927,1,8,healthy
Biomarker 8,6,2.9142698459868623,9,8,diseased
Biomarker 8,7,0.38400043280520346,3,8,healthy
Biomarker 8,8,0.6430676307478382,1,8,healthy
Biomarker 8,9,0.260804600993903,7,8,healthy
Biomarker 8,10,1.4686990438066532,2,8,healthy
Biomarker 8,11,0.47046630262160105,7,8,healthy
Biomarker 8,12,2.923774391674669,8,8,diseased
Biomarker 8,13,0.04251698664811998,3,8,healthy
Biomarker 8,14,0.902569782439371,3,8,healthy
Biomarker 8,15,2.0034059050276265,0,8,healthy
Biomarker 8,16,0.576545025890903,0,8,healthy
Biomarker 8,17,1.3238068295452399,0,8,healthy
Biomarker 8,18,1.5358804735456857,2,8,healthy
Biomarker 8,19,0.9499839936493575,2,8,healthy
Biomarker 8,20,2.1454588334856055,0,8,healthy
Biomarker 8,21,2.9623015551376612,9,8,diseased
Biomarker 8,22,1.1598831391686129,4,8,healthy
Biomarker 8,23,0.43650964509209067,7,8,healthy
Biomarker 8,24,0.7174824506135175,4,8,healthy
Biomarker 8,25,3.039009220113522,8,8,diseased
Biomarker 8,26,0.32749783666549737,1,8,healthy
Biomarker 8,27,0.9501021505417392,1,8,healthy
Biomarker 8,28,-0.12257658623640366,1,8,healthy
Biomarker 8,29,2.0058003383658276,2,8,healthy
Biomarker 8,30,1.5089284918884043,6,8,healthy
Biomarker 8,31,1.5013974268273484,6,8,healthy
Biomarker 8,32,0.3686837554728716,4,8,healthy
Biomarker 8,33,0.80847802519209,3,8,healthy
Biomarker 8,34,0.5571170539844319,5,8,healthy
Biomarker 8,35,0.6542614804822294,5,8,healthy
Biomarker 8,36,2.923649173021306,10,8,diseased
Biomarker 8,37,2.935206818022664,9,8,diseased
Biomarker 8,38,1.4342605063326361,5,8,healthy
Biomarker 8,39,0.20698791489499468,5,8,healthy
Biomarker 8,40,1.607086600284454,1,8,healthy
Biomarker 8,41,1.309929465193152,0,8,healthy
Biomarker 8,42,1.0681074434391538,6,8,healthy
Biomarker 8,43,3.025914591703663,8,8,diseased
Biomarker 8,44,3.081353613858819,8,8,diseased
Biomarker 8,45,0.8250889660901726,3,8,healthy
Biomarker 8,46,1.7865645373714285,1,8,healthy
Biomarker 8,47,0.7196398447335492,2,8,healthy
Biomarker 8,48,2.099000258680446,2,8,healthy
Biomarker 8,49,0.8181463705921503,0,8,healthy
Biomarker 8,50,0.6560300544120927,1,8,healthy
Biomarker 8,51,0.8593748095392022,5,8,healthy
Biomarker 8,52,0.4686482001422183,6,8,healthy
Biomarker 8,53,0.9585299384531892,4,8,healthy
Biomarker 8,54,0.8077254145641928,5,8,healthy
Biomarker 8,55,1.76832142422968,2,8,healthy
Biomarker 8,56,3.067373447778385,8,8,diseased
Biomarker 8,57,3.0395562891276318,9,8,diseased
Biomarker 8,58,3.0220114300470264,10,8,diseased
Biomarker 8,59,1.9530993559535117,1,8,healthy
Biomarker 8,60,1.3239015613205813,2,8,healthy
Biomarker 8,61,2.9725270187964683,8,8,diseased
Biomarker 8,62,2.9356607263922627,8,8,diseased
Biomarker 8,63,-0.11148862419480876,4,8,healthy
Biomarker 8,64,0.27723880478299956,2,8,healthy
Biomarker 8,65,-0.19708054226564053,3,8,healthy
Biomarker 8,66,1.5430767417768787,0,8,healthy
Biomarker 8,67,2.8795409343539697,9,8,diseased
Biomarker 8,68,0.3127940188889371,6,8,healthy
Biomarker 8,69,3.0203769884296414,8,8,diseased
Biomarker 8,70,0.9368015221527796,2,8,healthy
Biomarker 8,71,0.896918118534274,4,8,healthy
Biomarker 8,72,1.7656474233332045,4,8,healthy
Biomarker 8,73,1.2220684559763646,5,8,healthy
Biomarker 8,74,1.2896657769066993,2,8,healthy
Biomarker 8,75,3.0247540867552063,9,8,diseased
Biomarker 8,76,1.9206922092855594,6,8,healthy
Biomarker 8,77,0.6940851750732129,0,8,healthy
Biomarker 8,78,-0.6623898362251701,7,8,healthy
Biomarker 8,79,3.090324606122715,8,8,diseased
Biomarker 8,80,2.935973081600303,10,8,diseased
Biomarker 8,81,3.002451058541359,9,8,diseased
Biomarker 8,82,1.091590914382719,7,8,healthy
Biomarker 8,83,0.7311965460420293,0,8,healthy
Biomarker 8,84,3.1197110244063793,8,8,diseased
Biomarker 8,85,2.8326410659212744,9,8,diseased
Biomarker 8,86,1.699675287056946,5,8,healthy
Biomarker 8,87,0.812414952570529,6,8,healthy
Biomarker 8,88,0.44214017455935795,6,8,healthy
Biomarker 8,89,0.5401651960730537,5,8,healthy
Biomarker 8,90,2.33662830407124,1,8,healthy
Biomarker 8,91,0.8273938889652637,5,8,healthy
Biomarker 8,92,-0.07068606034893254,6,8,healthy
Biomarker 8,93,0.7606641465334231,2,8,healthy
Biomarker 8,94,2.3315806167505353,0,8,healthy
Biomarker 8,95,1.5181892403751425,5,8,healthy
Biomarker 8,96,1.4852382891427753,5,8,healthy
Biomarker 8,97,0.7567562295729161,6,8,healthy
Biomarker 8,98,3.007777155919776,9,8,diseased
Biomarker 8,99,2.202549841566362,1,8,healthy
Biomarker 9,0,8.029835375026586,10,4,diseased
Biomarker 9,1,7.55552352250161,6,4,diseased
Biomarker 9,2,8.39049443515982,9,4,diseased
Biomarker 9,3,7.99241874847346,4,4,diseased
Biomarker 9,4,7.947366331105257,4,4,diseased
Biomarker 9,5,-0.07988618780756777,1,4,healthy
Biomarker 9,6,8.175663989036678,9,4,diseased
Biomarker 9,7,-0.020852577928909873,3,4,healthy
Biomarker 9,8,-0.3024448416759432,1,4,healthy
Biomarker 9,9,7.841056124749004,7,4,diseased
Biomarker 9,10,-0.18005815355155644,2,4,healthy
Biomarker 9,11,8.334616716470261,7,4,diseased
Biomarker 9,12,8.72545984647407,8,4,diseased
Biomarker 9,13,-0.09401830142494164,3,4,healthy
Biomarker 9,14,-0.23754927900776338,3,4,healthy
Biomarker 9,15,0.2168095927824254,0,4,healthy
Biomarker 9,16,0.12571395688550016,0,4,healthy
Biomarker 9,17,0.0890493241154708,0,4,healthy
Biomarker 9,18,0.3779214157202531,2,4,healthy
Biomarker 9,19,-0.12303859545292944,2,4,healthy
Biomarker 9,20,0.42454117597036384,0,4,healthy
Biomarker 9,21,7.645090859285742,9,4,diseased
Biomarker 9,22,8.278531292456112,4,4,diseased
Biomarker 9,23,7.847484571248076,7,4,diseased
Biomarker 9,24,8.37597780563051,4,4,diseased
Biomarker 9,25,7.86833353139002,8,4,diseased
Biomarker 9,26,0.18126706072458093,1,4,healthy
Biomarker 9,27,0.23978725807640874,1,4,healthy
Biomarker 9,28,0.03453131927841805,1,4,healthy
Biomarker 9,29,-0.13288806552733556,2,4,healthy
Biomarker 9,30,8.376300569560566,6,4,diseased
Biomarker 9,31,7.836158359776826,6,4,diseased
Biomarker 9,32,8.175414738912151,4,4,diseased
Biomarker 9,33,-0.23268428209793887,3,4,healthy
Biomarker 9,34,8.326100160893336,5,4,diseased
Biomarker 9,35,8.509481239445295,5,4,diseased
Biomarker 9,36,8.46022667738139,10,4,diseased
Biomarker 9,37,8.511190532880812,9,4,diseased
Biomarker 9,38,7.73370798272489,5,4,diseased
Biomarker 9,39,7.70843604843011,5,4,diseased
Biomarker 9,40,0.014048406034054767,1,4,healthy
Biomarker 9,41,0.3955205859185374,0,4,healthy
Biomarker 9,42,7.716653666011249,6,4,diseased
Biomarker 9,43,7.572755405478103,8,4,diseased
Biomarker 9,44,8.508363781435632,8,4,diseased
Biomarker 9,45,-0.04714702544575244,3,4,healthy
Biomarker 9,46,-0.14071303520648393,1,4,healthy
Biomarker 9,47,0.058927226986379276,2,4,healthy
Biomarker 9,48,-0.15853347278001073,2,4,healthy
Biomarker 9,49,-0.03209235174242452,0,4,healthy
Biomarker 9,50,0.33285305375318436,1,4,healthy
Biomarker 9,51,8.245213125178074,5,4,diseased
Biomarker 9,52,8.086519688122365,6,4,diseased
Biomarker 9,53,7.7653897374743766,4,4,diseased
Biomarker 9,54,7.790247726948743,5,4,diseased
Biomarker 9,55,0.29394349681784127,2,4,healthy
Biomarker 9,56,8.36872182967555,8,4,diseased
Biomarker 9,57,7.439684583537992,9,4,diseased
Biomarker 9,58,8.123922423700092,10,4,diseased
Biomarker 9,59,0.19773740574672205,1,4,healthy
Biomarker 9,60,0.4322688726671763,2,4,healthy
Biomarker 9,61,8.242763364707,8,4,diseased
Biomarker 9,62,8.24770066573357,8,4,diseased
Biomarker 9,63,8.138831964209986,4,4,diseased
Biomarker 9,64,-0.2091376503637715,2,4,healthy
Biomarker 9,65,-0.2733736317749596,3,4,healthy
Biomarker 9,66,0.3472242794900052,0,4,healthy
Biomarker 9,67,8.041760186184602,9,4,diseased
Biomarker 9,68,8.69268082582589,6,4,diseased
Biomarker 9,69,7.8187747705698465,8,4,diseased
Biomarker 9,70,-0.003320684145289642,2,4,healthy
Biomarker 9,71,7.855185583473972,4,4,diseased
Biomarker 9,72,8.073362187139917,4,4,diseased
Biomarker 9,73,8.087409961227303,5,4,diseased
Biomarker 9,74,-0.26574692543986184,2,4,healthy
Biomarker 9,75,7.753787890987376,9,4,diseased
Biomarker 9,76,7.937628473976839,6,4,diseased
Biomarker 9,77,-0.17210546013188713,0,4,healthy
Biomarker 9,78,7.734852263561756,7,4,diseased
Biomarker 9,79,8.033903522204442,8,4,diseased
Biomarker 9,80,7.488807825997701,10,4,diseased
Biomarker 9,81,8.04479247328812,9,4,diseased
Biomarker 9,82,8.042794838975032,7,4,diseased
Biomarker 9,83,-0.10593912847306576,0,4,healthy
Biomarker 9,84,8.20069972967185,8,4,diseased
Biomarker 9,85,8.406517302351642,9,4,diseased
Biomarker 9,86,8.398649885443255,5,4,diseased
Biomarker 9,87,8.022124922317115,6,4,diseased
Biomarker 9,88,7.746615297384387,6,4,diseased
Biomarker 9,89,8.55834244972439,5,4,diseased
Biomarker 9,90,0.19182143860783796,1,4,healthy
Biomarker 9,91,8.413538016277135,5,4,diseased
Biomarker 9,92,8.10773444066637,6,4,diseased
Biomarker 9,93,-0.01598486269401848,2,4,healthy
Biomarker 9,94,0.3797063749015181,0,4,healthy
Biomarker 9,95,8.732502853772118,5,4,diseased
Biomarker 9,96,8.136354751616379,5,4,diseased
Biomarker 9,97,7.74021074402941,6,4,diseased
Biomarker 9,98,8.110762923504014,9,4,diseased
Biomarker 9,99,0.12273478940501552,1,4,healthy
